year;month;ipca;ipca_a;ipca12_a;cpi;juros;dolar;minimo;ibov;onibus;fipezap;stf;bigmac;passagem;plano;gasolina;aluguelsp;gold;energia;cesta;juros_a;dolar_a;minimo_a;ibov_a;onibus_a;fipezap_a;stf_a;bigmac_a;passagem_a;plano_a;gasolina_a;aluguelsp_a;gold_a;energia_a;cesta_a
1995;5;1115,24;;;152,1;4,25;0,9;100;3721;0,5;21,74;8000;;;;;;;;92,61;4,25;2,73;627,41;23346,00;3,14;136,40;50192,96;;;;;;;;581,05
1995;6;1140,44;2,21;;152,4;4,04;0,91;100;3603,4;0,5;21,74;8000;;;;;;;;88,21;1,79;2,70;613,55;22108,60;3,07;133,39;49083,86;;;;;;;;541,21
1995;7;1167,35;2,31;;152,6;4,02;0,93;100;3877,5;0,5;21,74;8000;;;;;;;;87,55;1,68;2,70;599,40;23241,91;3,00;130,31;47952,37;;;;;;;;524,78
1995;8;1178,91;0,98;;152,9;3,84;0,94;100;4310,5;0,5;21,74;8000;;;;;;;;86,79;2,83;2,71;593,53;25583,98;2,97;129,03;47482,17;;;;;;;;515,12
1995;9;1190,58;0,98;;153,1;3,32;0,95;100;4670;0,5;21,74;8000;;;;;;;;85,26;2,32;2,72;587,71;27446,03;2,94;127,77;47016,75;;;;;;;;501,08
1995;10;1207,37;1,39;;153,5;3,09;0,96;100;4128;0,5;21,74;8000;;;;;;;;87,5;1,68;2,71;579,54;23923,27;2,90;125,99;46362,92;;;;;;;;507,09
1995;11;1225,12;1,45;;153,7;2,88;0,96;100;4379;0,5;21,74;8000;;;;;;;;89,04;1,41;2,68;571,14;25010,22;2,86;124,17;45691,20;;;;;;;;508,54
1995;12;1244,23;1,54;;153,9;2,78;0,97;100;4299;0,5;27,62;8000;;;;;;;;91,52;1,23;2,67;562,37;24176,20;2,81;155,33;44989,43;;;;;;;;514,68
1996;1;1260,9;1,32;;154,7;2,58;0,97;100;5151,5;0,65;27,62;8000;;;;;;;;92,57;1,24;2,65;554,93;28587,37;3,61;153,27;44394,64;;;;;;;;513,70
1996;2;1273,89;1,02;;155;2,35;0,98;100;4958;0,65;27,62;8000;;;;;;;;93,77;1,32;2,65;549,27;27233,02;3,57;151,71;43941,94;;;;;;;;515,05
1996;3;1278,35;0,35;;155,5;2,22;0,99;100;4955;0,65;27,62;8000;;;;;;;;91,65;1,86;2,68;547,36;27121,59;3,56;151,18;43788,63;;;;;;;;501,65
1996;4;1294,46;1,24;;156,1;2,07;0,99;100;5164;0,65;27,62;8000;;;;;;;;92,98;0,82;2,65;540,55;27913,79;3,51;149,30;43243,67;;;;;;;;502,60
1996;5;1310,25;1,21;17,49;156,4;2,01;1;112;5728;0,65;27,62;8000;;;;;;;;96,18;0,80;2,65;598,12;30589,33;3,47;147,50;42722,53;;;;;;;;513,63
1996;6;1325,84;1,18;16,26;156,7;1,98;1;112;6044;0,65;27,62;8000;;;;;;;;96,34;0,79;2,63;591,08;31897,34;3,43;145,77;42220,18;;;;;;;;508,44
1996;7;1340,56;1,10;14,84;157;1,93;1,01;112;6123;0,65;25,32;8000;;;;;;;;97,99;0,82;2,63;584,59;31959,44;3,39;132,16;41756,58;;;;;;;;511,47
1996;8;1346,46;0,44;14,21;157,2;1,97;1,01;112;6259;0,65;25,32;8000;;;;;;;;97,26;1,53;2,62;582,03;32526,15;3,38;131,58;41573,61;;;;;;;;505,43
1996;9;1348,48;0,15;13,26;157,7;1,9;1,02;112;6447;0,65;25,32;8000;;;;;;;;96,94;1,75;2,65;581,16;33452,94;3,37;131,38;41511,33;;;;;;;;503,01
1996;10;1352,53;0,30;12,02;158,2;1,86;1,03;112;6533;0,65;25,32;8000;;;;;;;;96,35;1,56;2,68;579,42;33797,68;3,36;130,99;41387,03;;;;;;;;498,46
1996;11;1356,86;0,32;10,75;158,7;1,8;1,03;112;6666;0,65;25,32;8000;;;;;;;;94,56;1,48;2,68;577,57;34375,69;3,35;130,57;41254,96;;;;;;;;487,63
1996;12;1363,24;0,47;9,56;159,1;1,8;1,04;112;7040;0,65;25,32;8000;;;;;;;;92,64;1,33;2,70;574,87;36134,46;3,34;129,96;41061,88;;;;;;;;475,50
1997;1;1379,33;1,17;9,39;159,4;1,73;1,04;112;7965;0,8;26,59;8000;;;;;;;;92,18;0,56;2,67;568,16;40405,34;4,06;134,89;40582,89;;;;;;;;467,62
1997;2;1386,23;0,50;8,82;159,7;1,67;1,05;112;8829;0,8;26,59;8000;;;;;;;;93,79;1,17;2,69;565,33;44565,36;4,04;134,22;40380,89;;;;;;;;473,42
1997;3;1393,3;0,51;8,99;159,8;1,64;1,06;112;9044;0,8;26,59;8000;;;;;;;;101,12;1,13;2,70;562,46;45418,95;4,02;133,53;40175,99;;;;;;;;507,82
1997;4;1405,56;0,87;8,58;159,9;1,66;1,06;112;9982;0,8;26,59;8000;;;;;;;;102,81;0,78;2,68;557,56;49692,33;3,98;132,37;39825,55;;;;;;;;511,81
1997;5;1411,32;0,41;7,71;159,9;1,58;1,07;120;11345;0,8;26,59;8000;;;;;;;;97,71;1,17;2,70;594,95;56247,11;3,97;131,83;39663,01;;;;;;;;484,43
1997;6;1418,94;0,54;7,02;160,2;1,61;1,07;120;12568;0,8;26,59;8000;;;;;;;;94,05;1,07;2,69;591,75;61975,97;3,95;131,12;39450,01;;;;;;;;463,78
1997;7;1422,06;0,22;6,08;160,4;1,6;1,08;120;12872;0,8;29,86;8000;;;;;;;;91,7;1,38;2,71;590,45;63335,80;3,94;146,92;39363,46;;;;;;;;451,20
1997;8;1421,78;-0,02;5,59;160,8;1,59;1,09;120;10609;0,8;29,86;8000;;;;;;;;91,46;1,61;2,74;590,57;52211,15;3,94;146,95;39371,21;;;;;;;;450,11
1997;9;1422,63;0,06;5,50;161,2;1,59;1,09;120;11797;0,8;29,86;8000;;;;;;;;91,14;1,53;2,75;590,22;58023,08;3,93;146,87;39347,69;;;;;;;;448,27
1997;10;1425,9;0,23;5,42;161,5;1,67;1,1;120;8986;0,8;29,86;8000;;;;;;;;94;1,44;2,77;588,86;44095,93;3,93;146,53;39257,45;;;;;;;;461,28
1997;11;1428,32;0,17;5,27;161,7;3,04;1,11;120;9395;0,8;29,86;8000;;;;;;;;94,81;2,87;2,79;587,86;46024,86;3,92;146,28;39190,94;;;;;;;;464,46
1997;12;1434,46;0,43;5,22;161,8;2,97;1,11;120;10197;0,8;29,86;8000;;;;;;;;98,32;2,53;2,78;585,35;49739,93;3,90;145,65;39023,19;;;;;;;;479,59
1998;1;1444,64;0,70;4,73;162;2,67;1,12;120;9720;0,9;28,81;8000;;;;;;;;100,01;1,95;2,79;581,22;47079,06;4,36;139,54;38748,20;;;;;;;;484,40
1998;2;1451,29;0,46;4,69;162;2,13;1,13;120;10571;0,9;28,81;8000;;;;;;;;99,65;1,66;2,80;578,56;50966,29;4,34;138,90;38570,65;;;;;;;;480,45
1998;3;1456,22;0,34;4,52;162;2,2;1,13;120;11947;0,9;28,81;8000;;;;;;;;101,97;1,86;2,80;576,60;57405,44;4,32;138,43;38440,07;;;;;;;;489,97
1998;4;1459,71;0,24;3,85;162,2;1,71;1,14;120;11677;0,9;28,81;8000;;;;;;;;106,3;1,47;2,82;575,22;55973,94;4,31;138,10;38348,17;;;;;;;;509,55
1998;5;1467,01;0,50;3,95;162,6;1,63;1,15;130;9847;0,9;28,81;8000;;;;;;;;112,14;1,13;2,83;620,06;46966,92;4,29;137,41;38157,34;;;;;;;;534,87
1998;6;1467,3;0,02;3,41;162,8;1,6;1,15;130;9678;0,9;28,81;8000;;;;;;;;111,47;1,58;2,84;619,93;46151,72;4,29;137,39;38149,80;;;;;;;;531,57
1998;7;1465,54;-0,12;3,06;163,2;1,7;1,16;130;10707;0,9;30,05;8000;;;;;;;;105,08;1,82;2,87;620,68;51120,05;4,30;143,47;38195,61;;;;;;;;501,70
1998;8;1458,07;-0,51;2,55;163,4;1,48;1,17;130;6472;0,9;30,05;8000;;;;;;;;101,43;2,00;2,92;623,86;31058,56;4,32;144,21;38391,30;;;;;;;;486,75
1998;9;1454,86;-0,22;2,27;163,5;2,49;1,18;130;6593;0,9;30,05;8000;;;;;;;;100,53;2,72;2,95;625,24;31709,04;4,33;144,53;38476,00;;;;;;;;483,50
1998;10;1455,15;0,02;2,05;163,9;2,94;1,19;130;7047;0,9;30,05;8000;;;;;;;;102,49;2,92;2,98;625,11;33885,80;4,33;144,50;38468,34;;;;;;;;492,83
1998;11;1453,4;-0,12;1,76;164,1;2,63;1,19;130;8631;0,9;30,05;8000;;;;;;;;101,76;2,75;2,99;625,86;41552,50;4,33;144,67;38514,66;;;;;;;;489,91
1998;12;1458,2;0,33;1,65;164,4;2,4;1,21;130;6784;0,9;30,05;8000;;;;;;;;102,09;2,06;3,03;623,80;32552,92;4,32;144,19;38387,88;;;;;;;;489,88
1999;1;1468,41;0,70;1,65;164,7;2,18;1,5;130;8172;0,9;31,93;8000;;;;;;;;104,86;1,47;3,74;619,47;38940,56;4,29;152,15;38120,96;;;;;;;;499,67
1999;2;1483,83;1,04;2,24;164,7;2,38;1,91;130;8911;0,9;31,93;8000;;;;;;;;106,75;1,33;4,71;613,03;42020,72;4,24;150,57;37724,81;;;;;;;;503,39
1999;3;1500,15;1,09;3,02;164,8;3,33;1,9;130;10696;0,9;31,93;8000;;;;;;;;106,28;2,22;4,64;606,36;49889,36;4,20;148,93;37314,40;;;;;;;;495,72
1999;4;1508,55;0,56;3,35;165,9;2,35;1,69;130;11351;0,9;31,93;8000;;;;;;;;104,54;1,78;4,13;602,98;52649,66;4,17;148,10;37106,63;;;;;;;;484,89
1999;5;1513,08;0,30;3,14;166;2,02;1,68;136;11090;0,9;31,93;8000;;;;;;;;105,05;1,72;4,10;628,92;51285,06;4,16;147,66;36995,53;;;;;;;;485,80
1999;6;1515,95;0,19;3,32;166;1,67;1,77;136;11627;0,9;31,93;8000;;;;;;;;104;1,48;4,31;627,73;53666,59;4,15;147,38;36925,49;;;;;;;;480,03
1999;7;1532,47;1,08;4,57;166,7;1,66;1,8;136;10442;0,9;29,1;8000;;;;;;;;103,03;0,58;4,35;620,97;47677,44;4,11;132,87;36527,44;;;;;;;;470,43
1999;8;1541,05;0,56;5,69;167,1;1,57;1,88;136;10565;0,9;29,1;8000;;;164,5;;;;;106,23;1,01;4,53;617,51;47970,47;4,09;132,13;36324,06;;;746,91;;;;;482,34
1999;9;1545,83;0,31;6,25;167,8;1,49;1,9;136;11106;0,9;29,1;8000;;;166,49;;;;;108,17;1,18;4,59;615,60;50270,95;4,07;131,72;36211,74;;;753,61;;;;;489,63
1999;10;1564,23;1,18;7,50;168,1;1,38;1,97;136;11700;0,9;29,1;8000;;;167,08;;;;;111,11;0,20;4,71;608,36;52336,71;4,03;130,17;35785,79;;;747,39;;;;;497,02
1999;11;1579,09;0,94;8,65;168,4;1,39;1,93;136;13779;0,9;29,1;8000;;;167,32;;;;;111,91;0,44;4,58;602,63;61056,51;3,99;128,95;35449,02;;;741,42;;;;;495,89
1999;12;1588,56;0,60;8,94;168,8;1,6;1,84;136;17092;0,9;29,1;8000;;;167,92;;;;;111,96;1,00;4,35;599,04;75285,35;3,96;128,18;35237,70;;;739,64;;;;;493,15
2000;1;1598,41;0,62;8,85;169,3;1,46;1,8;136;16388;1,25;39,15;8000;;;168,96;;;;;112,22;0,84;4,24;595,35;71739,60;5,47;171,38;35020,55;;;739,63;;;;;491,25
2000;2;1600,49;0,13;7,86;170;1,45;1,78;136;17660;1,25;39,15;8000;;;169,18;;;;;110,8;1,32;4,20;594,58;77207,40;5,46;171,16;34975,04;;;739,63;;;;;484,40
2000;3;1604,01;0,22;6,92;171;1,45;1,74;136;17820;1,25;39,15;8000;;;169,93;;;;;115,13;1,23;4,12;593,27;77735,93;5,45;170,78;34898,29;;;741,28;;;;;502,23
2000;4;1610,75;0,42;6,77;170,9;1,3;1,77;151;15538;1,25;39,15;8000;;;170,56;;;493,44;;115,92;0,88;4,18;655,95;67497,57;5,43;170,07;34752,26;;;740,92;;;2143,52;;503,56
2000;5;1610,91;0,01;6,47;171,2;1,49;1,83;151;14957;1,25;39,15;8000;2,95;;170,35;;;502,56;;111,78;1,48;4,32;655,88;64967,24;5,43;170,05;34748,81;12,81;;739,93;;;2182,92;;485,53
2000;6;1614,62;0,23;6,51;172,2;1,39;1,81;151;16728;1,25;39,15;8000;2,95;;169,81;;;516,83;;109,44;1,16;4,29;654,38;72492,80;5,42;169,66;34668,96;12,78;;735,89;;;2239,74;;474,27
2000;7;1640,62;1,58;7,06;172,7;1,31;1,8;151;16455;1,25;34,5;8000;2,95;;170,79;;;506,14;;111,43;-0,27;4,21;644,01;70179,63;5,33;147,14;34119,54;12,58;;728,41;;;2158,66;;475,24
2000;8;1662,11;1,29;7,86;172,7;1,41;1,81;151;17347;1,25;34,5;8000;2,95;;177,02;;;495,78;;114,63;0,12;4,18;635,68;73027,39;5,26;145,24;33678,40;12,42;;745,22;;;2087,13;;482,57
2000;9;1665,93;0,23;7,77;173,6;1,22;1,84;151;15928;1,25;34,5;8000;2,95;;177,02;;;502,85;;119,47;0,99;4,26;634,22;66899,93;5,25;144,91;33601,17;12,39;;743,51;;;2112,04;;501,79
2000;10;1668,26;0,14;6,65;173,9;1,29;1,88;151;14867;1,25;34,5;8000;2,95;;177,02;;;506,75;;122,61;1,15;4,36;633,34;62356,36;5,24;144,70;33554,24;12,37;;742,47;;;2125,45;;514,26
2000;11;1673,6;0,32;5,99;174,2;1,22;1,95;151;13287;1,25;34,5;8000;2,95;;177,02;;;517,09;;121,61;0,90;4,51;631,32;55551,58;5,23;144,24;33447,18;12,33;;740,10;;;2161,90;;508,44
2000;12;1683,47;0,59;5,97;174,6;1,2;1,96;151;15259;1,25;34,5;8000;2,95;;177,02;;;532,95;;119,54;0,61;4,52;627,61;63422,28;5,20;143,40;33251,08;12,26;;735,76;;;2215,15;;496,85
2001;1;1693,07;0,57;5,92;175,6;1,27;1,95;151;17673;1,25;34,05;8000;2,95;;177,02;;;518,50;;123,36;0,70;4,50;624,06;73039,29;5,17;140,72;33062,54;12,19;;731,59;;;2142,87;;509,82
2001;2;1700,86;0,46;6,27;176;1,02;2;151;15891;1,25;34,05;8000;2,95;;177,02;;;522,94;;123,44;0,56;4,60;621,20;65373,82;5,14;140,08;32911,12;12,14;;728,24;;;2151,32;;507,82
2001;3;1707,32;0,38;6,44;176,1;1,26;2,09;151;14438;1,25;34,05;11000;2,95;;177,02;;;547,88;;124,76;0,88;4,79;618,85;59171,60;5,12;139,55;45081,56;12,09;;725,49;;;2245,39;;511,31
2001;4;1717,22;0,58;6,61;176,4;1,19;2,19;180;14918;1,25;34,05;11000;2,95;;177,02;;;570,62;;129,49;0,61;5,00;733,45;60786,32;5,09;138,74;44821,66;12,02;;721,30;;;2325,10;;527,63
2001;5;1724,26;0,41;7,04;177,3;1,34;2,3;180;14650;1,25;34,05;11000;3,6;;177,02;;;623,52;;129,78;0,93;5,26;730,45;59450,57;5,07;138,18;44638,66;14,61;;718,36;;;2530,28;;526,65
2001;6;1733,23;0,52;7,35;177,7;1,27;2,38;180;14560;1,25;34,05;11000;3,6;;177,02;;;642,62;;127,58;0,75;5,43;726,67;58779,56;5,05;137,46;44407,64;14,53;;714,64;;;2594,29;;515,05
2001;7;1756,28;1,31;7,05;177,4;1,5;2,47;180;13754;1,25;34,7;11000;3,6;;178,26;1,68;;657,98;;125,68;0,19;5,55;717,13;54796,96;4,98;138,25;43824,82;14,34;;710,20;6,69;;2621,44;;500,72
2001;8;1768,57;0,69;6,41;177,4;1,6;2,51;180;12841;1,25;34,7;11000;3,6;;179,51;1,71;;682,23;;126,39;0,90;5,60;712,15;50803,98;4,95;137,29;43520,27;14,24;;710,21;6,77;;2699,17;;500,05
2001;9;1773,52;0,28;6,46;178,1;1,32;2,67;180;10636;1,25;34,7;11000;3,6;;180,79;1,72;;755,64;;125,01;1,04;5,96;710,16;41962,70;4,93;136,90;43398,81;14,20;;713,28;6,79;;2981,26;;493,21
2001;10;1788,24;0,82;7,19;177,6;1,53;2,74;180;11365;1,25;34,7;11000;3,6;;182,07;1,78;;774,95;;125;0,70;6,05;704,32;44469,76;4,89;135,78;43041,57;14,09;;712,42;6,96;;3032,28;;489,11
2001;11;1800,94;0,71;7,61;177,5;1,39;2,54;180;12932;1,25;34,7;11000;3,6;;183,36;1,78;;705,54;;127,28;0,68;5,57;699,35;50244,40;4,86;134,82;42738,04;13,99;;712,40;6,92;;2741,22;;494,52
2001;12;1812,65;0,65;7,67;177,4;1,39;2,36;180;13578;1,25;34,7;11000;3,6;;184,61;1,77;;655,01;;128,6;0,74;5,14;694,83;52413,48;4,83;133,95;42461,95;13,90;;712,63;6,83;;2528,45;;496,42
2002;1;1822,08;0,52;7,62;177,7;1,53;2,38;180;12721;1,4;36,19;11385;3,6;717,6848577;185,18;1,59;;668,20;;129,21;1,01;5,16;691,24;48851,17;5,38;138,98;43720,67;13,82;2756,05;711,13;6,11;;2566,02;;496,19
2002;2;1828,64;0,36;7,51;178;1,25;2,42;180;14033;1,4;36,19;11385;3,6;690,9095047;186,48;1,51;;716,12;;128,63;0,89;5,24;688,76;53696,19;5,36;138,48;43563,82;13,78;2643,71;713,55;5,78;;2740,18;;492,19
2002;3;1839,61;0,60;7,75;178,5;1,37;2,35;180;13255;1,4;36,19;11385;3,6;643,6510516;187,78;1,57;;689,93;;129,89;0,77;5,07;684,65;50416,79;5,33;137,65;43304,04;13,69;2448,19;714,24;5,97;;2624,22;;494,05
2002;4;1854,33;0,79;7,98;179,3;1,48;2,32;200;13085;1,4;36,19;11385;3,6;605,8110475;189,81;1,71;;701,56;;132,22;0,68;4,99;754,68;49375,09;5,28;136,56;42960,29;13,58;2285,97;716,23;6,45;;2647,27;;498,92
2002;5;1858,22;0,21;7,77;179,5;1,41;2,48;200;12861;1,4;36,19;11385;3,6;595,3568781;191,12;1,72;;777,41;;129,26;1,20;5,33;753,10;48428,25;5,27;136,27;42870,36;13,56;2241,82;719,66;6,48;;2927,35;;486,73
2002;6;1866,02;0,42;7,66;179,6;1,33;2,71;200;11139;1,4;36,19;17172;3,6;653,0336075;192,44;1,71;;866,24;;131,5;0,91;5,80;749,95;41768,71;5,25;135,70;64391,09;13,50;2448,73;721,61;6,41;;3248,20;;493,10
2002;7;1888,23;1,18;7,51;180;1,54;2,93;200;9763;1,4;40,21;17172;3,6;802,5278789;193,75;1,77;;911,85;;134,64;0,36;6,21;741,13;36178,42;5,19;149,00;63633,70;13,34;2973,90;717,97;6,56;;3379,01;;498,93
2002;8;1900,5;0,65;7,46;180,5;1,44;3,11;200;10382;1,4;40,21;17172;3,6;831,7685518;195,01;1,75;;965,97;;138,29;0,79;6,57;736,35;38223,84;5,15;148,04;63222,87;13,25;3062,36;717,98;6,44;;3556,45;;509,15
2002;9;1914,18;0,71;7,93;180,8;1,38;3,34;200;8623;1,4;40,21;17172;3,6;821,5207764;196,29;1,74;;1053,06;;140,45;0,66;7,01;731,09;31520,77;5,12;146,98;62771,04;13,16;3003,01;717,52;6,36;;3849,39;;513,41
2002;10;1939,26;1,29;8,45;181,2;1,65;3,81;200;10168;1,4;40,21;17172;3,6;874,7203367;197,57;1,76;;1211,20;;142,12;0,35;7,92;721,63;36687,72;5,05;145,08;61959,23;12,99;3156,13;712,86;6,35;;4370,20;;512,79
2002;11;1997,83;2,93;10,93;181,5;1,54;3,58;200;10509;1,4;40,21;17172;3,6;955,6823349;198,85;1,98;;1141,00;;154,74;-1,35;7,23;700,48;36806,46;4,90;140,83;60142,78;12,61;3347,16;696,45;6,93;;3996,21;;541,96
2002;12;2039,78;2,06;12,53;181,8;1,74;3,63;200;11268;1,4;40,21;17172;3,6;1017,976344;200,15;2;;1204,88;;158,73;-0,31;7,19;686,07;38653,13;4,80;137,93;58905,89;12,35;3492,01;686,58;6,86;;4133,15;;544,50
2003;1;2085,68;2,20;14,47;182,6;1,97;3,44;200;10941;1,4;41,1;17343;3,6;887,6195413;201,45;2,16;;1221,43;224,2352562;162,79;-0,23;6,70;670,97;36705,45;4,70;137,88;58183,22;12,08;2977,83;675,84;7,25;;4097,72;752,28;546,14
2003;2;2118,43;1,55;15,85;183,6;1,83;3,59;200;10281;1,4;41,1;17343;3,6;755,4628611;202,78;2,22;;1288,02;226,7873277;166,54;0,28;6,92;660,60;33958,03;4,62;135,75;57283,73;11,89;2495,29;669,78;7,33;;4254,32;749,08;550,08
2003;3;2144,49;1,22;16,57;183,9;1,78;3,45;200;11274;1,4;41,1;17343;3,6;700,6084797;204,12;2,22;;1178,37;225,8869136;174,59;0,56;6,58;652,57;36785,38;4,57;134,10;56587,61;11,75;2285,98;666,01;7,24;;3844,84;737,04;569,66
2003;4;2165,29;0,96;16,77;183,2;1,87;3,12;240;12557;1,4;41,1;17343;3,6;785,8567532;205,38;2,2;;1028,11;230,5105285;185,4;0,90;5,87;775,56;40578,03;4,52;132,81;56044,03;11,63;2539,50;663,69;7,11;;3322,34;744,90;599,12
2003;5;2178,5;0,61;17,24;182,9;1,97;2,96;240;13422;1,4;41,1;17343;4,55;843,5361637;206,67;2,11;;1049,73;242,1936765;175,95;1,36;5,53;770,86;43110,28;4,50;132,01;55704,19;14,61;2709,36;663,81;6,78;;3371,64;777,90;565,14
2003;6;2175,23;-0,15;16,57;183,1;1,86;2,88;240;12973;1,4;41,1;17343;4,55;867,8396129;208;2,03;;1028,58;245,1718891;169,22;2,01;5,39;772,02;41730,77;4,50;132,21;55787,93;14,64;2791,61;669,08;6,53;;3308,67;788,65;544,34
2003;7;2179,58;0,20;15,43;183,7;2,08;2,88;240;13572;1,4;41,1;17343;4,55;877,6464381;209,47;1,97;;1009,17;244,0261022;162,15;1,88;5,40;770,48;43570,47;4,49;131,94;55676,59;14,61;2817,53;672,47;6,32;;3239,76;783,40;520,55
2003;8;2186,99;0,34;15,07;184,5;1,77;3;240;15174;1,4;41,1;17343;4,55;878,4236905;211,07;1,98;;1079,92;245,5929274;158,34;1,43;5,63;767,87;48548,35;4,48;131,50;55487,94;14,56;2810,47;675,31;6,33;;3455,14;785,76;506,60
2003;9;2204,05;0,77;15,14;185,1;1,68;2,92;240;16011;1,4;41,1;17343;4,55;882,9415703;212,65;2;;1108,13;253,045594;161,45;0,90;5,45;761,92;50829,78;4,44;130,48;55058,45;14,44;2803,06;675,10;6,35;;3517,96;803,34;512,55
2003;10;2210,44;0,29;13,98;184,9;1,64;2,86;240;17982;1,4;41,1;17343;4,55;879,5921484;214,24;2;;1085,17;254,5413872;162,58;1,35;5,32;759,72;56922,04;4,43;130,10;54899,28;14,40;2784,35;678,18;6,33;;3435,11;805,75;514,65
2003;11;2217,96;0,34;11,02;185;1,34;2,91;240;20184;1,4;41,1;17343;4,55;881,000238;215,85;1,99;;1133,99;255,7048842;163,54;1,00;5,40;757,14;63675,84;4,42;129,66;54713,15;14,35;2779,35;680,96;6,28;;3577,48;806,69;515,93
2003;12;2229,49;0,52;9,30;185,5;1,37;2,93;240;22236;1,4;41,1;17343;4,55;857,4902933;217,47;2;;1191,15;259,3578918;164,79;0,85;5,42;753,23;69786,65;4,39;128,99;54430,19;14,28;2691,19;682,52;6,28;;3738,37;813,98;517,19
2004;1;2246,43;0,75;7,71;186,3;1,27;2,85;240;21851;1,7;41,88;17343;4,55;866,9202067;219,12;2,01;;1178,71;260,8633867;171,03;0,51;5,26;747,55;68061,20;5,30;130,45;54019,74;14,17;2700,27;682,51;6,26;;3671,43;812,53;532,72
2004;2;2260,13;0,61;6,69;186,7;1,08;2,93;240;21755;1,7;41,88;17343;4,55;859,8024632;220,77;2;;1185,38;262,5891862;167;0,47;5,38;743,02;67351,43;5,26;129,66;53692,30;14,09;2661,87;683,48;6,19;;3669,83;812,95;517,02
2004;3;2270,75;0,47;5,89;187,1;1,38;2,91;240;22142;1,7;41,88;17343;4,55;814,7305254;222,42;1,98;;1181,33;267,0965523;166,96;0,91;5,33;739,54;68228,95;5,24;129,05;53441,19;14,02;2510,53;685,37;6,10;;3640,18;823,04;514,48
2004;4;2279,15;0,37;5,26;187,4;1,18;2,91;240;19607;1,7;41,88;17343;4,55;752,331977;224,09;1,97;;1171,74;267,5966934;165;0,81;5,32;736,82;60194,86;5,22;128,57;53244,22;13,97;2309,71;687,97;6,05;;3597,32;821,54;506,56
2004;5;2290,77;0,51;5,15;188,2;1,23;3,1;260;19545;1,7;41,88;17343;5,4;765,6179329;225,75;2,09;;1185,84;271,6104434;168,68;0,72;5,66;794,17;59700,14;5,19;127,92;52974,14;16,49;2338,58;689,55;6,38;;3622,14;829,63;515,23
2004;6;2307,03;0,70;6,06;188,9;1,23;3,13;260;21149;1,7;41,88;17343;5,4;835,9161975;227,42;2,16;;1226,89;273,0967917;174,9;0,52;5,70;788,57;64144,26;5,16;127,02;52600,78;16,38;2535,31;689,76;6,55;;3721,12;828,29;530,47
2004;7;2328,02;0,90;6,81;189,1;1,29;3,04;260;22337;1,7;39,54;17343;5,4;902,2701951;229,49;2,2;;1209,81;274,5678312;173,95;0,38;5,49;781,46;67136,60;5,11;118,84;52126,52;16,23;2711,88;689,76;6,61;;3636,23;825,25;522,83
2004;8;2344,08;0,69;7,18;189,2;1,29;3;260;22803;1,7;39,54;17343;5,4;806,577169;231,6;2,23;;1199,67;278,4956332;182,26;0,60;5,38;776,11;68067,65;5,07;118,03;51769,38;16,12;2407,66;691,33;6,66;;3581,05;831,32;544,05
2004;9;2351,82;0,33;6,70;189,8;1,25;2,89;260;23245;1,7;39,54;17343;5,4;960,1650301;233,73;2,23;;1171,94;284,2300646;178,37;0,92;5,19;773,55;69158,67;5,06;117,64;51599,01;16,07;2856,69;695,40;6,63;;3486,76;845,64;530,69
2004;10;2362,17;0,44;6,86;190,8;1,21;2,85;260;23052;1,7;39,54;17343;5,4;1022,810029;235,88;2,26;;1199,24;284,9952947;177,14;0,77;5,12;770,16;68283,95;5,04;117,12;51372,92;16,00;3029,74;698,72;6,69;;3552,35;844,20;524,72
2004;11;2378,47;0,69;7,24;191,7;1,25;2,79;260;25128;1,7;39,54;17343;5,4;1023,787628;238,05;2,21;;1225,70;285,7815818;171,06;0,56;5,00;764,89;73923,31;5,00;116,32;51020,85;15,89;3011,85;700,31;6,50;;3605,85;840,73;503,24
2004;12;2398,92;0,85;7,60;191,7;1,48;2,72;260;26196;1,7;39,54;17343;5,4;988,8330885;240,34;2,3;;1202,20;285,7157621;172,2;0,62;4,83;758,37;76408,28;4,96;115,33;50585,92;15,75;2884,22;701,02;6,71;;3506,57;833,37;502,27
2005;1;2412,83;0,58;7,41;191,6;1,38;2,69;260;24351;1,7;44,86;21500;5,4;1012,043381;242,5;2,3;;1141,91;288,4414955;172,87;0,80;4,75;753,99;70617,32;4,93;130,09;62349,49;15,66;2934,90;703,24;6,67;;3311,51;836,47;501,32
2005;2;2427,07;0,59;7,39;192,4;1,22;2,6;260;28139;1,7;44,86;21500;5,4;983,0031733;244,73;2,29;;1101,51;288,6304969;175,04;0,63;4,58;749,57;81123,66;4,90;129,33;61983,68;15,57;2833,96;705,55;6,60;;3175,61;832,11;504,63
2005;3;2441,87;0,61;7,54;193,1;1,53;2,7;260;26611;1,7;44,86;21500;5,4;845,6520837;247,03;2,29;;1172,05;292,2881998;175,87;0,92;4,75;745,03;76253,51;4,87;128,55;61608,00;15,47;2423,21;707,86;6,56;;3358,50;837,55;503,95
2005;4;2463,11;0,86;8,07;193,7;1,41;2,58;260;24844;1,7;44,86;21500;5,4;805,1417075;249,3;2,3;;1106,96;293,255028;180,93;0,54;4,51;738,60;70576,30;4,83;127,44;61076,74;15,34;2287,23;708,21;6,53;;3144,63;833,07;513,98
2005;5;2475,18;0,49;8,05;193,6;1,5;2,45;300;25207;1,7;44,86;21500;5,4;769,6612822;251,6;2,28;;1037,75;299,3833535;188,63;1,01;4,26;848,08;71258,32;4,81;126,82;60778,90;15,27;2175,78;711,25;6,45;;2933,64;846,33;533,24
2005;6;2474,68;-0,02;7,27;193,7;1,59;2,41;300;25051;1,7;44,86;21500;5,4;775,2579787;253,91;2,26;;1038,37;301,9599108;183,14;1,61;4,19;848,25;70831,62;4,81;126,84;60791,18;15,27;2192,04;717,93;6,39;;2935,99;853,79;517,83
2005;7;2480,87;0,25;6,57;194,9;1,51;2,37;300;26042;1,7;49,7;21500;5,4;872,5976509;256,4;2,27;;1003,92;294,6778708;178,22;1,26;4,14;846,13;73449,95;4,79;140,18;60639,50;15,23;2461,11;723,16;6,40;;2831,50;831,12;502,66
2005;8;2485,09;0,17;6,02;196,1;1,66;2,36;300;28045;1,7;49,7;21500;5,9;774,5899834;258,96;2,27;;1033,47;291,2703503;175,12;1,49;4,14;844,70;78964,98;4,79;139,94;60536,53;16,61;2180,98;729,14;6,39;;2909,89;820,12;493,08
2005;9;2493,79;0,35;6,04;198,8;1,5;2,29;300;31584;1,7;49,7;21500;5,9;742,9091722;261,45;2,4;;1062,16;294,5619886;172,34;1,15;4,06;841,75;88619,32;4,77;139,45;60325,34;16,55;2084,48;733,58;6,73;;2980,24;826,49;483,56
2005;10;2512,49;0,74;6,36;199,1;1,41;2,26;300;30194;1,7;49,7;21500;5,9;831,3208556;263,93;2,47;;1067,87;296,2911598;174,77;0,66;3,98;835,48;84088,67;4,73;138,41;59876,35;16,43;2315,18;735,03;6,88;;2973,96;825,16;486,73
2005;11;2526,31;0,55;6,22;198,1;1,38;2,21;300;31917;1,7;49,7;21500;5,9;887,1388006;266,6;2,48;;1053,96;294,6425712;184,67;0,83;3,85;830,91;88400,88;4,71;137,65;59548,80;16,34;2457,12;738,41;6,87;;2919,17;816,07;511,48
2005;12;2535,4;0,36;5,69;198,1;1,47;2,29;300;33456;1,7;49,7;21500;5,9;934,5756402;269,24;2,48;;1158,41;296,4074441;183,43;1,11;3,98;827,93;92331,25;4,69;137,16;59335,30;16,28;2579,22;743,04;6,84;;3196,96;818,02;506,23
2006;1;2550,36;0,59;5,70;199,3;1,43;2,27;300;38383;2;54,62;24500;5,9;978,4052568;274,33;2,51;;1252,99;297,8956555;177,45;0,84;3,94;823,08;105307,33;5,49;149,86;67218,03;16,19;2684,35;752,65;6,89;;3437,69;817,30;486,85
2006;2;2560,82;0,41;5,51;199,4;1,15;2,16;300;38610;2;54,62;24500;6,2;916,1650013;277,26;2,52;;1202,00;299,0416239;175,54;0,74;3,74;819,72;105497,44;5,46;149,24;66943,47;16,94;2503,32;757,58;6,89;;3284,33;817,10;479,64
2006;3;2571,83;0,43;5,32;199,7;1,42;2,15;300;37952;2;54,62;24500;6,2;688,2465021;280,15;2,59;;1198,28;300,5689787;177,28;0,99;3,71;816,21;103255,59;5,44;148,60;66656,88;16,87;1872,50;762,20;7,05;;3260,15;817,75;482,32
2006;4;2577,23;0,21;4,63;200,7;1,08;2,13;350;40363;2;54,62;24500;6,2;752,0026146;283,06;2,6;;1301,56;299,0184845;182,95;0,87;3,69;950,25;109585,08;5,43;148,29;66517,22;16,83;2041,68;768,50;7,06;;3533,72;811,83;496,71
2006;5;2579,81;0,10;4,23;201,3;1,28;2,18;350;36530;2;54,62;24500;6,2;661,520687;286;2,58;;1427,78;302,1650243;178,99;1,18;3,78;949,30;99079,35;5,42;148,14;66450,70;16,82;1794,22;775,71;7,00;;3872,53;819,55;485,47
2006;6;2574,39;-0,21;4,03;201,8;1,18;2,25;350;36631;2;54,62;24500;6,2;690,8166327;288,84;2,55;;1343,23;299,3763969;172,31;1,39;3,92;951,29;99562,46;5,44;148,46;66590,60;16,85;1877,63;785,06;6,93;;3650,88;813,70;468,34
2006;7;2579,28;0,19;3,97;202,9;1,17;2,19;350;37077;2;51,99;24500;6,4;876,3976941;291,12;2,56;;1386,49;300,0550504;170,5;0,98;3,83;949,49;100583,62;5,43;141,04;66464,35;17,36;2377,52;789,76;6,94;;3761,31;814,00;462,54
2006;8;2580,57;0,05;3,84;203,8;1,26;2,16;350;36232;2;51,99;24500;6,4;903,3254437;293,33;2,56;;1363,51;297,4711886;169,62;1,21;3,79;949,02;98242,15;5,42;140,97;66431,13;17,35;2449,34;795,36;6,94;;3697,12;806,59;459,92
2006;9;2585,99;0,21;3,70;202,8;1,06;2,17;350;36449;2;51,99;24500;6,4;791,8885841;295,59;2,55;;1295,78;300,0239012;172,1;0,85;3,78;947,03;98623,40;5,41;140,67;66291,89;17,32;2142,69;799,80;6,90;;3506,11;811,80;465,67
2006;10;2594,52;0,33;3,26;201,9;1,09;2,15;350;39263;2;51,99;24500;6,4;846,0406602;297,83;2,55;;1258,62;300,6815851;179,74;0,76;3,72;943,91;105888,22;5,39;140,21;66073,95;17,26;2281,68;803,22;6,88;;3394,37;810,91;484,74
2006;11;2602,56;0,31;3,02;202;1,02;2,16;350;41932;2;51,99;24500;6,4;579,1154908;300,07;2,54;;1352,68;302,002639;185,29;0,71;3,73;941,00;112736,88;5,38;139,78;65869,83;17,21;1556,99;806,76;6,83;;3636,77;811,95;498,16
2006;12;2615,05;0,48;3,14;203,1;0,99;2,15;350;44474;2;51,99;24500;6,4;657,8191134;302,32;2,53;;1354,35;300,1240479;182,05;0,51;3,71;936,50;119000,11;5,35;139,11;65555,22;17,12;1760,14;808,92;6,77;;3623,87;803,05;487,12
2007;1;2626,56;0,44;2,99;203,437;1,08;2,14;350;44642;2,3;55,14;24500;6,4;528,6985536;304,59;2,52;;1349,62;301,2853741;184,72;0,64;3,69;932,40;118926,19;6,13;146,89;65267,95;17,05;1408,45;811,43;6,71;;3595,38;802,62;492,09
2007;2;2638,12;0,44;3,02;204,226;0,87;2,1;350;43892;2,3;55,14;24500;6,4;513,6751815;306,87;2,52;;1392,09;299,9336811;185,96;0,43;3,61;928,31;116415,82;6,10;146,25;64981,95;16,97;1362,43;813,92;6,68;;3692,27;795,52;493,23
2007;3;2647,88;0,37;2,96;205,288;1,05;2,09;350;45805;2,3;55,14;24500;6,4;477,5495665;309,2;2,52;;1369,42;301,115133;192,86;0,68;3,60;924,89;121041,91;6,08;145,71;64742,43;16,91;1261,95;817,08;6,66;;3618,76;795,71;509,64
2007;4;2654,5;0,25;3,00;205,904;0,94;2,03;380;48956;2,3;55,14;24500;6,4;445,3764938;311,55;2,53;;1380,72;302,288814;188,8;0,69;3,50;1001,66;129045,95;6,06;145,35;64580,97;16,87;1173,99;821,23;6,67;;3639,52;796,82;497,67
2007;5;2661,93;0,28;3,18;206,755;1,03;1,98;380;52268;2,3;55,14;24500;6,4;452,8854215;313,89;2,54;;1354,34;303,8226223;184,93;0,75;3,42;998,87;137391,68;6,05;144,94;64400,71;16,82;1190,45;825,09;6,68;;3560,02;798,63;486,11
2007;6;2669,38;0,28;3,69;207,234;0,91;1,93;380;54392;2,3;55,14;24500;6,4;558,7547911;316,12;2,53;;1260,06;302,93191;187,45;0,63;3,33;996,08;142575,80;6,03;144,54;64220,97;16,78;1464,64;828,63;6,63;;3302,95;794,06;491,36
2007;7;2675,79;0,24;3,74;207,603;0,97;1,88;380;54183;2,3;60,56;24500;6,9;669,1630289;318,3;2,51;;1253,29;299,6169053;186,98;0,73;3,24;993,69;141687,72;6,01;158,36;64067,13;18,04;1749,85;832,35;6,56;;3277,33;783,49;488,95
2007;8;2688,37;0,47;4,18;207,667;0,99;1,97;380;54637;2,3;60,56;24500;6,9;745,7558374;320,08;2,49;;1301,34;296,1340243;193,04;0,52;3,38;989,04;142206,35;5,99;157,62;63767,33;17,96;1941,01;833,09;6,48;;3387,06;770,76;502,43
2007;9;2693,21;0,18;4,15;208,547;0,8;1,9;380;60465;2,3;60,56;24500;6,9;570,5607918;321,78;2,47;;1352,22;293,5521384;194,34;0,62;3,27;987,27;157092,35;5,98;157,34;63652,73;17,93;1482,36;836,01;6,42;;3513,16;762,67;504,91
2007;10;2701,29;0,30;4,12;209,19;0,93;1,8;380;65318;2,3;60,56;24500;6,9;652,5421516;323,48;2,48;;1362,22;292,7753293;201,25;0,63;3,10;984,31;169193,18;5,96;156,87;63462,34;17,87;1690,28;837,91;6,42;;3528,56;758,38;521,30
2007;11;2711,55;0,38;4,19;210,834;0,84;1,77;380;63006;2,3;60,56;24500;6,9;660,099158;325,2;2,49;;1427,14;291,7026472;205,48;0,46;3,06;980,59;162586,87;5,94;156,27;63222,21;17,81;1703,38;839,18;6,43;;3682,73;752,74;530,24
2007;12;2731,62;0,73;4,46;211,445;0,84;1,79;380;63886;2,3;60,56;24500;6,9;661,9423391;326,89;2,51;;1435,45;289,2270018;214,63;0,10;3,08;973,38;163646,45;5,89;155,13;62757,70;17,67;1695,59;837,34;6,43;;3676,96;740,87;549,78
2008;1;2746,37;0,54;4,56;212,174;0,93;1,77;380;59490;2,3;61,59;24500;6,9;651,7934228;328,59;2,51;71,02;1578,65;288,974701;229,09;0,39;3,04;968,16;151567,51;5,86;156,92;62420,64;17,58;1660,63;837,18;6,39;180,94;4022,05;736,24;583,67
2008;2;2759,83;0,49;4,61;212,687;0,8;1,73;380;63489;2,3;62,08;24500;6,9;712,906987;330,3;2,49;72,81;1592,30;286,370043;226,2;0,31;2,96;963,44;160967,18;5,83;157,39;62116,21;17,49;1807,47;837,43;6,31;184,60;4037,05;726,05;573,50
2008;3;2773,08;0,48;4,73;213,448;0,84;1,71;415;60968;2,3;62,93;24500;6,9;751,7600196;332,01;2,49;75,33;1647,84;285,852811;223,94;0,36;2,93;1047,15;153836,98;5,80;158,79;61819,41;17,41;1896,87;837,74;6,28;190,08;4157,90;721,28;565,05
2008;4;2788,33;0,55;5,04;213,942;0,9;1,69;415;67868;2,3;64,03;24500;6,9;814,5402759;333,74;2,49;78,47;1542,62;284,0203326;227,81;0,35;2,88;1041,42;170310,75;5,77;160,68;61481,31;17,32;2044,04;837,50;6,25;196,92;3871,11;712,73;571,68
2008;5;2810,36;0,78;5,58;215,208;0,88;1,66;415;72593;2,3;65,09;24500;6,9;989,6975199;335,48;2,49;81,01;1477,69;276,3790264;233,92;0,10;2,83;1033,25;180739,87;5,73;162,06;60999,36;17,18;2464,12;835,27;6,20;201,70;3679,11;688,12;582,41
2008;6;2831,16;0,73;6,06;217,463;0,96;1,62;415;65018;2,3;66,24;24500;6,9;751,4879622;337,19;2,49;82;1439,21;274,3750999;245,24;0,22;2,77;1025,66;160690,56;5,68;163,71;60551,21;17,05;1857,29;833,36;6,15;202,66;3556,98;678,11;606,11
2008;7;2846,16;0,53;6,37;219,016;1,07;1,59;415;59505;2,3;67,36;24500;7,5;1001,740187;338,84;2,5;83,65;1495,84;275,7802079;252,13;0,54;2,72;1020,26;146290,23;5,65;165,60;60232,09;18,44;2462,73;833,02;6,15;205,65;3677,45;677,99;619,85
2008;8;2854,13;0,28;6,17;218,69;1,02;1,61;415;55680;2,3;68,33;24500;7,5;788,8442405;340,47;2,5;84,16;1349,40;279,6655526;241,15;0,74;2,74;1017,41;136504,40;5,64;167,52;60063,90;18,39;1933,92;834,69;6,13;206,33;3308,17;685,62;591,20
2008;9;2861,55;0,26;6,25;218,877;1,1;1,8;415;49541;2,3;69,05;24500;7,5;771,9124671;342,1;2,51;85,55;1492,75;281,0671002;234,68;0,84;3,06;1014,77;121139,18;5,62;168,84;59908,15;18,34;1887,50;836,51;6,14;209,19;3650,12;687,27;573,85
2008;10;2874,43;0,45;6,41;216,995;1,18;2,17;415;37257;2,3;69,69;24500;7,5;758,9833416;343,74;2,51;85,45;1729,59;281,6553843;238,15;0,73;3,64;1010,22;90693,74;5,60;169,64;59639,71;18,26;1847,57;836,76;6,11;208,01;4210,30;685,63;579,72
2008;11;2884,78;0,36;6,39;213,153;1,02;2,27;415;36596;2,3;70,65;24500;7,5;736,769355;345,39;2,51;84,97;1732,69;284,3617052;238,66;0,66;3,73;1006,60;88765,07;5,58;171,36;59425,74;18,19;1787,06;837,76;6,09;206,10;4202,71;689,73;578,88
2008;12;2892,86;0,28;5,90;211,398;1,12;2,39;415;37550;2,3;72,02;24500;7,5;707,1691133;347,05;2,52;84,53;1942,66;284,9052407;239,49;0,84;3,88;1003,79;90824,64;5,56;174,20;59259,76;18,14;1710,48;839,43;6,10;204,46;4698,84;689,12;579,27
2009;1;2906,74;0,48;5,84;211,933;1,05;2,31;415;39301;2,3;73,09;24500;7,5;733,1344533;348,68;2,52;84,72;1980,32;286,7647397;241,53;0,57;3,74;998,99;94605,98;5,54;175,94;58976,78;18,05;1764,81;839,35;6,07;203,94;4767,06;690,30;581,41
2009;2;2922,73;0,55;5,90;212,705;0,86;2,31;465;38183;2,3;74,1;24500;7,5;614,9723474;350,36;2,52;86,09;2176,80;285,9540564;237,34;0,31;3,74;1113,23;91411,86;5,51;177,40;58654,13;17,96;1472,27;838,78;6,03;206,10;5211,36;684,59;568,20
2009;3;2928,57;0,20;5,61;212,495;0,97;2,31;465;40926;2,3;74,94;24500;7,5;598,8126435;352;2,51;87,34;2153,13;286,9559988;221,9;0,77;3,73;1111,01;97783,34;5,50;179,05;58537,16;17,92;1430,73;841,02;6,00;208,68;5144,41;685,62;530,18
2009;4;2942,63;0,48;5,53;212,709;0,84;2,21;465;47290;2,3;76,31;24500;7,5;578,0430838;353,69;2,5;88,21;1958,01;287,1083719;225,63;0,36;3,55;1105,70;112448,80;5,47;181,45;58257,47;17,83;1374,50;841,02;5,94;209,75;4655,87;682,70;536,52
2009;5;2956,46;0,47;5,20;213,022;0,77;2,06;465;53198;2,3;77,71;24500;7,5;528,8788501;355,5;2,49;88,57;1924,76;292,2484082;227,36;0,30;3,30;1100,53;125905,44;5,44;183,92;57984,95;17,75;1251,71;841,37;5,89;209,62;4555,39;691,67;538,10
2009;6;2967,1;0,36;4,80;214,79;0,76;1,96;465;51465;2,3;79,38;24500;7,5;475,4638306;357,38;2,49;89,44;1851,41;290,9288953;228,1;0,40;3,15;1096,58;121367,10;5,42;187,20;57777,01;17,69;1121,26;842,79;5,87;210,92;4366,08;686,08;537,92
2009;7;2974,22;0,24;4,50;214,726;0,79;1,93;465;54766;2,3;80,94;24500;7,5;566,9654724;359,31;2,49;89,32;1808,81;296,8520017;227,17;0,55;3,10;1093,96;128842,49;5,41;190,42;57638,70;17,64;1333,84;845,31;5,86;210,13;4255,41;698,37;534,44
2009;8;2978,68;0,15;4,36;215,445;0,69;1,85;465;56489;2,3;82,46;24500;8,03;562,1293449;361,29;2,5;89,2;1750,40;297,504781;225,69;0,54;2,98;1092,32;132697,04;5,40;193,70;57552,40;18,86;1320,49;848,70;5,87;209,54;4111,83;698,86;530,16
2009;9;2985,83;0,24;4,34;215,861;0,69;1,82;465;61518;2,3;83,58;25725;8,03;475,7526489;363,31;2,49;88,8;1815,16;298,4481696;229,89;0,45;2,93;1089,71;144164,49;5,39;195,87;60285,31;18,82;1114,90;851,40;5,84;208,10;4253,74;699,40;538,74
2009;10;2994,19;0,28;4,17;216,509;0,69;1,74;465;61546;2,3;84,64;25725;8,03;554,7360348;365,34;2,53;89,11;1812,36;298,8997258;230,03;0,41;2,80;1086,66;143827,41;5,37;197,80;60116,99;18,77;1296,37;853,77;5,91;208,24;4235,32;698,50;537,56
2009;11;3006,47;0,41;4,22;217,234;0,66;1,73;465;67044;2,3;85,97;25725;8,03;563,5205039;367,28;2,55;89,14;1943,22;298,6918709;234,99;0,25;2,78;1082,22;156035,79;5,35;200,08;59871,44;18,69;1311,52;854,79;5,93;207,46;4522,58;695,16;546,91
2009;12;3017,59;0,37;4,31;217,347;0,73;1,75;465;68588;2,3;87,55;25725;8,03;529,9704412;369,23;2,56;89,31;1982,13;299,0730175;228,19;0,36;2,80;1078,24;159041,00;5,33;203,01;59650,81;18,62;1228,89;856,17;5,94;207,09;4596,14;693,49;529,12
2010;1;3040,22;0,74;4,59;217,488;0,66;1,78;510;65402;2,3;89,03;25725;8,03;529,5383569;371,18;2,59;89,29;1981,23;301,5130124;225,02;-0,08;2,83;1173,78;150524,50;5,29;204,90;59206,80;18,48;1218,75;854,28;5,96;205,50;4559,86;693,94;517,89
2010;2;3063,93;0,77;4,83;217,281;0,59;1,84;510;66503;2,3;90,42;26723;8,2;440,547498;373,15;2,61;90,36;2022,74;298,0663388;229,64;-0,18;2,90;1164,70;151874,05;5,25;206,49;61027,78;18,73;1006,09;852,17;5,96;206,36;4619,37;680,70;524,43
2010;3;3079,86;0,52;5,17;217,353;0,76;1,79;510;70372;2,3;91,88;26723;8,2;475,800197;375,13;2,58;92,51;1988,81;302,6187867;253,74;0,24;2,81;1158,67;159878,51;5,23;208,74;60712,12;18,63;1080,97;852,26;5,86;210,17;4518,39;687,52;576,47
2010;4;3097,42;0,57;5,26;217,403;0,67;1,76;510;67530;2,3;93,4;26723;8,2;439,9386235;377,12;2,56;95,58;2019,76;298,271505;261,39;0,10;2,75;1152,10;152551,98;5,20;210,99;60367,93;18,52;993,83;851,92;5,78;215,92;4562,69;673,80;590,49
2010;5;3110,74;0,43;5,22;217,29;0,75;1,81;510;63047;2,3;94,68;26723;8,2;462,2351514;379,15;2,55;97,59;2173,08;297,8631052;256,31;0,32;2,81;1147,17;141814,91;5,17;212,97;60109,44;18,44;1039,73;852,84;5,74;219,51;4888,02;670,00;576,53
2010;6;3110,74;0,00;4,84;217,199;0,79;1,81;510;60936;2,3;96,19;26723;8,2;426,5505645;381,12;2,53;98,61;2228,83;297,3860093;249,06;0,79;2,81;1147,17;137066,53;5,17;216,37;60109,44;18,44;959,46;857,27;5,69;221,81;5013,42;668,93;560,22
2010;7;3111,05;0,01;4,60;217,605;0,86;1,77;510;67515;2,3;98,12;26723;8,2;460,477168;383,14;2,53;99,29;2112,60;299,2432628;239,38;0,85;2,75;1147,06;151849,88;5,17;220,68;60103,45;18,44;1035,67;861,73;5,69;223,32;4751,51;673,04;538,40
2010;8;3112,29;0,04;4,49;217,923;0,89;1,76;510;65145;2,3;100;26723;8,71;422,8564498;385,52;2,54;100;2138,78;299,8524131;235,65;0,85;2,74;1146,60;146461,07;5,17;224,82;60079,50;19,58;950,68;866,74;5,71;224,82;4808,47;674,14;529,80
2010;9;3126,29;0,45;4,70;218,275;0,85;1,72;510;69430;2,3;101,93;26723;8,71;458,1457668;387,76;2,54;100,49;2187,08;302,3045966;241,08;0,40;2,67;1141,46;155395,73;5,15;228,14;59810,46;19,49;1025,41;867,87;5,68;224,91;4895,04;676,61;539,58
2010;10;3149,74;0,74;5,20;219,035;0,81;1,69;510;70673;2,3;103,95;26723;8,71;456,8307573;390,04;2,57;100,25;2250,66;302,6610547;253,79;0,07;2,61;1132,97;157000,13;5,11;230,93;59365,17;19,35;1014,85;866,47;5,71;222,71;4999,84;672,36;563,79
2010;11;3175,88;0,82;5,63;219,59;0,81;1,71;510;67705;2,3;106,33;26723;8,71;492,3656912;392,31;2,59;100,99;2344,28;302,8270425;264,61;-0,01;2,63;1123,64;149168,75;5,07;234,27;58876,54;19,19;1084,79;864,34;5,71;222,50;5164,96;667,19;582,99
2010;12;3195,89;0,63;5,91;220,472;0,93;1,69;510;69305;2,3;108,56;26723;8,71;495,1169195;394,58;2,6;102,32;2359,69;303,6771754;265,15;0,30;2,59;1116,60;151737,85;5,04;237,68;58507,91;19,07;1084,02;863,90;5,69;224,02;5166,36;664,88;580,53
2011;1;3222,42;0,82;5,99;221,187;0,86;1,67;540;66575;2,7;110,37;26723;8,71;429,1662499;396,91;2,61;104,36;2276,57;306,6251549;261,25;0,04;2,55;1172,55;144560,69;5,86;239,66;58026,22;18,91;931,89;861,85;5,67;226,61;4943,34;665,80;567,28
2011;2;3248,2;0,79;6,01;221,898;0,84;1,67;540;67383;2,7;112,55;26723;8,71;454,2230671;399,25;2,62;106,26;2292,76;305,8281386;261,18;0,05;2,54;1163,25;145153,92;5,82;242,45;57565,68;18,76;978,47;860,05;5,64;228,90;4938,98;658,80;562,62
2011;3;3273,86;0,78;6,30;223,046;0,92;1,66;545;68587;2,7;114,85;26723;8,71;385,4397077;401,61;2,67;108,37;2360,61;306,7556796;267,58;0,14;2,51;1164,82;146589,51;5,77;245,47;57114,49;18,62;823,79;858,35;5,71;231,62;5045,28;655,62;571,89
2011;4;3299,07;0,76;6,51;224,093;0,84;1,59;545;66133;2,7;117,63;26723;8,71;403,1304105;403,98;2,82;110,39;2358,06;309,1584807;268,52;0,08;2,40;1155,92;140264,54;5,73;249,49;56678,05;18,47;855,02;856,82;5,98;234,13;5001,32;655,71;569,52
2011;5;3314,58;0,47;6,55;224,806;0,99;1,61;545;64620;2,7;120,71;26723;8,71;423,4553981;406,36;2,84;111,93;2438,70;313,9558667;272,98;0,52;2,43;1150,51;136414,22;5,70;254,82;56412,83;18,39;893,92;857,83;6,00;236,29;5148,15;662,77;576,27
2011;6;3319,55;0,15;6,71;224,806;0,96;1,59;545;62404;2,7;123,81;26723;8,71;434,9432124;408,76;2,74;113,35;2427,29;314,7419016;273,48;0,81;2,39;1148,78;131538,96;5,69;260,97;56328,37;18,36;916,80;861,61;5,78;238,93;5116,39;663,43;576,46
2011;7;3324,86;0,16;6,87;225,395;0,97;1,56;545;58823;2,7;126,58;26723;8,71;357,4912537;411,13;2,74;114,09;2459,18;314,8681597;263,38;0,81;2,35;1146,95;123792,69;5,68;266,39;56238,41;18,33;752,34;865,22;5,77;240,10;5175,33;662,64;554,28
2011;8;3337,16;0,37;7,23;226,106;1,07;1,6;545;56495;2,7;128,75;26723;9,5;390,1826419;414,17;2,74;115,16;2806,79;316,00787;266,75;0,70;2,41;1142,72;118455,21;5,66;269,96;56031,13;19,92;818,11;868,41;5,75;241,46;5885,10;662,59;559,30
2011;9;3354,85;0,53;7,31;226,597;0,94;1,75;545;52324;2,7;131,28;26723;9,5;453,4856287;416,7;2,74;115,44;3080,33;320,02913;267,19;0,41;2,63;1136,70;109131,22;5,63;273,81;55735,68;19,81;945,83;869,10;5,71;240,77;6424,59;667,48;557,27
2011;10;3369,28;0,43;6,97;226,75;0,88;1,77;545;58338;2,7;133,72;26723;9,5;477,3957247;419,24;2,75;115,91;2965,89;323,7915484;266,97;0,45;2,65;1131,83;121153,40;5,61;277,70;55496,97;19,73;991,43;870,66;5,71;240,72;6159,41;672,43;554,43
2011;11;3386,8;0,52;6,64;227,169;0,86;1,79;545;56875;2,7;135,96;26723;9,5;506,3016776;421,8;2,75;116,25;3085,02;324,9649108;276,31;0,34;2,67;1125,97;117504,11;5,58;280,89;55209,89;19,63;1046,02;871,44;5,68;240,17;6373,67;671,38;570,86
2011;12;3403,73;0,50;6,50;227,223;0,91;1,84;545;56754;2,7;137,83;26723;9,5;494,366289;424,37;2,75;117,16;3002,98;331,1661953;277,27;0,41;2,73;1120,37;116670,90;5,55;283,34;54935,27;19,53;1016,28;872,39;5,65;240,85;6173,32;680,79;569,99
2012;1;3422,79;0,56;6,22;227,842;0,89;1,79;622;63072;3;139,51;26723;9,5;463,329541;426,92;2,74;118,21;2963,50;333,2314316;285,54;0,33;2,65;1271,54;128936,99;6,13;285,20;54629,36;19,42;947,18;872,75;5,60;241,65;6058,23;681,22;583,72
2012;2;3438,19;0,45;5,85;228,329;0,75;1,72;622;65812;3;141,34;26723;10,25;465,3076181;429,52;2,73;119,63;3000,48;332,9147626;276,54;0,30;2,54;1265,85;133935,71;6,11;287,64;54384,67;20,86;946,96;874,13;5,56;243,46;6106,35;677,52;562,79
2012;3;3445,41;0,21;5,24;228,807;0,82;1,8;622;64511;3;143,17;26723;10,25;402,355573;432,1;2,74;121,09;3000,25;332,0463334;273,25;0,61;2,66;1263,20;131012,90;6,09;290,76;54270,71;20,82;817,13;877,54;5,56;245,92;6093,09;674,34;554,93
2012;4;3467,46;0,64;5,10;229,187;0,71;1,85;622;61820;3;144,9;26723;10,25;397,3853527;434,69;2,74;122,45;3051,58;330,4974956;277,27;0,07;2,72;1255,16;124749,47;6,05;292,40;53925,59;20,68;801,90;877,18;5,53;247,10;6157,93;666,93;559,52
2012;5;3479,94;0,36;4,99;228,713;0,74;1,99;622;54490;3;146,63;26723;10,25;386,7466734;437,3;2,74;123,63;3135,87;333,0851497;283,69;0,38;2,91;1250,66;109563,59;6,03;294,83;53732,20;20,61;777,64;879,28;5,51;248,58;6305,33;669,74;570,42
2012;6;3482,72;0,08;4,92;228,524;0,64;2,05;622;54355;3;148,38;26723;10,25;401,505459;439,92;2,73;124,39;3273,90;332,5120078;287,63;0,56;2,99;1249,66;109204,90;6,03;298,11;53689,31;20,59;806,67;883,85;5,48;249,91;6577,61;668,05;577,88
2012;7;3497,7;0,43;5,20;228,59;0,68;2,03;622;56097;3;150,33;26723;10,25;407,2070881;442,69;2,73;125,32;3235,26;331,7842776;299,39;0,25;2,95;1244,31;112222,07;6,00;300,74;53459,37;20,51;814,62;885,60;5,46;250,70;6472,14;663,73;598,93
2012;8;3512,04;0,41;5,24;229,918;0,69;2,03;622;57061;3;152,43;26723;10,08;388,1878851;445,53;2,73;126,38;3309,52;332,1286263;306,02;0,28;2,95;1239,23;113684,46;5,98;303,69;53241,09;20,08;773,40;887,64;5,44;251,79;6593,66;661,71;609,69
2012;9;3532,06;0,57;5,28;231,015;0,54;2,03;622;59176;3;154,78;26723;10,08;413,3026159;448,47;2,72;127,75;3539,30;332,760718;309,08;-0,03;2,95;1232,21;117229,99;5,94;306,63;52939,32;19,97;818,77;888,44;5,39;253,08;7011,49;659,21;612,30
2012;10;3552,9;0,59;5,45;231,638;0,61;2,03;622;57068;3;156,5;26723;10,08;463,6416064;451,43;2,73;128,17;3546,63;334,9226462;311,55;0,02;2,94;1224,98;112390,82;5,91;308,21;52628,79;19,85;913,10;889,05;5,38;252,42;6984,80;659,60;613,57
2012;11;3574,22;0,60;5,53;231,249;0,55;2,07;622;57475;3;158,31;26723;10,08;545,6376362;454,36;2,75;128,72;3543,87;336,2536301;299,26;-0,05;2,98;1217,67;112517,19;5,87;309,92;52314,87;19,73;1068,18;889,49;5,38;251,99;6937,73;658,27;585,85
2012;12;3602,46;0,78;5,84;231,221;0,55;2,08;622;60952;3;159,58;26723;10,08;569,7467684;457,31;2,75;128,89;3510,04;338,7391712;304,9;-0,23;2,97;1208,13;118388,63;5,83;309,96;51904,76;19,58;1106,63;888,24;5,34;250,35;6817,64;657,94;592,22
2013;1;3633,44;0,85;6,15;231,679;0,6;2,03;678;59761;3;161,01;26723;10,08;476,6946904;460,29;2,76;130,34;3398,14;338,9970165;318,4;-0,25;2,88;1305,67;115085,62;5,78;310,07;51462,21;19,41;918,00;886,41;5,32;251,00;6544,02;652,83;613,16
2013;2;3655,24;0,60;6,31;232,937;0,49;1,97;678;57424;3;162,33;28059;11,25;455,9876741;463,28;2,89;131,18;3211,55;293,4886683;326,59;-0,11;2,79;1297,88;109925,57;5,74;310,74;53712,76;21,54;872,89;886,85;5,53;251,12;6147,80;561,82;625,18
2013;3;3672,42;0,47;6,59;232,282;0,55;1,98;678;56352;3;163,76;28059;11,25;454,9253033;466,29;2,89;131,97;3156,76;276,7566138;336,26;0,08;2,78;1291,81;107368,82;5,72;312,02;53461,49;21,43;866,78;888,43;5,51;251,45;6014,65;527,31;640,68
2013;4;3692,62;0,55;6,49;231,797;0,61;2;678;55910;3;165,57;28059;11,25;375,9569003;469,32;2,88;132,58;2980,14;276,8264461;344,3;0,06;2,79;1284,74;105943,93;5,68;313,74;53169,03;21,32;712,40;889,32;5,46;251,23;5647,07;524,56;652,41
2013;5;3706,28;0,37;6,50;231,893;0,6;2,03;678;53506;3;167,29;28059;11,25;412,4761729;472,37;2,86;133,07;2869,40;277,3871642;342,05;0,23;2,82;1280,01;101014,90;5,66;315,83;52973,07;21,24;778,72;891,80;5,40;251,23;5417,19;523,68;645,76
2013;6;3715,92;0,26;6,70;232,445;0,61;2,17;678;47457;3;169,08;28059;11,25;453,3833286;475,44;2,85;133,5;2913,42;276,7886206;340,46;0,35;3,02;1276,69;89362,46;5,65;318,38;52835,65;21,18;853,73;895,26;5,37;251,38;5486,03;521,20;641,09
2013;7;3717,03;0,03;6,27;232,9;0,72;2,25;678;48234;3;171,22;28059;11,25;496,122292;478,48;2,84;134,17;2889,50;276,4623727;327,44;0,69;3,13;1276,31;90798,44;5,65;322,31;52819,87;21,18;933,93;900,72;5,35;252,57;5439,36;520,43;616,39
2013;8;3725,95;0,24;6,09;233,456;0,71;2,34;678;50008;3;173,32;28059;12;476,0405551;482,98;2,84;134,73;3160,98;277,5474054;319,66;0,47;3,26;1273,25;93912,55;5,63;325,49;52693,42;22,54;893,98;907,01;5,33;253,02;5936,16;521,22;600,31
2013;9;3738,99;0,35;5,86;233,544;0,71;2,27;678;52338;3;175,37;28059;12;458,8478387;486,56;2,83;135,4;3065,84;279,1993011;312,07;0,36;3,15;1268,81;97945,39;5,61;328,19;52509,64;22,46;858,69;910,55;5,30;253,39;5737,42;522,49;584,01
2013;10;3760,3;0,57;5,84;233,669;0,81;2,19;678;54256;3;177,51;28059;12;497,229457;490,11;2,83;136,12;2888,92;280,1491859;321,14;0,24;3,03;1261,62;100959,33;5,58;330,31;52212,07;22,33;925,24;911,99;5,27;253,29;5375,69;521,30;597,58
2013;11;3780,61;0,54;5,77;234,1;0,72;2,3;678;52482;3;179,82;28059;12;446,872572;493,64;2,84;137,24;2920,18;282,1247491;325,56;0,18;3,17;1254,84;97133,64;5,55;332,81;51931,58;22,21;827,07;913,63;5,26;254,00;5404,67;522,16;602,55
2013;12;3815,39;0,91;5,91;234,719;0,79;2,35;678;51507;3;181,78;28059;12;489,9440088;497,24;2,95;138,58;2865,56;283,8045842;327,24;-0,12;3,21;1243,40;94460,12;5,50;333,37;51458,18;22,01;898,52;911,90;5,41;254,15;5255,23;520,48;600,13
2014;1;3836,37;0,55;5,59;235,288;0,85;2,38;724;47639;3;183,14;29462;12;453,2437026;500,82;2,96;139,13;2963,31;285,7489642;323,47;0,30;3,25;1320,50;86888,71;5,47;334,03;53735,70;21,89;826,67;913,44;5,40;253,76;5404,78;521,18;589,98
2014;2;3862,84;0,69;5,68;235,547;0,79;2,38;724;47094;3;184,27;29462;12,4;481,2867129;504,43;2,96;139,35;3106,75;285,948844;325,35;0,10;3,23;1311,45;85306,09;5,43;333,79;53367,48;22,46;871,80;913,72;5,36;252,42;5627,57;517,97;589,34
2014;3;3898,38;0,91;6,15;236,028;0,77;2,33;724;50415;3;185,57;29462;12,4;451,8721974;508,11;2,98;139,45;3115,69;285,7548978;351,46;-0,14;3,14;1299,50;90489,21;5,38;333,08;52880,95;22,26;811,06;912,00;5,35;250,30;5592,31;512,90;630,83
2014;4;3924,5;0,67;6,28;236,468;0,82;2,23;724;51626;3;186,97;29462;12,4;426,432121;511,82;2,99;139,75;2901,76;286,7322352;357,85;0,15;2,99;1290,85;92046,09;5,35;333,36;52528,99;22,11;760,30;912,54;5,33;249,17;5173,67;511,23;638,03
2014;5;3942,55;0,46;6,37;236,918;0,87;2,22;724;51239;3;188,3;29462;12,4;406,7821605;515,55;2,98;140,02;2863,02;296,7816183;366,54;0,41;2,97;1284,94;90937,84;5,32;334,19;52288,50;22,01;721,95;914,99;5,29;248,50;5081,22;526,72;650,53
2014;6;3958,32;0,40;6,52;237,231;0,82;2,24;724;53168;3;189,8;29462;12,4;407,3490382;519,32;2,97;140,25;2864,40;298,1391529;354,63;0,42;2,99;1279,82;93985,45;5,30;335,51;52080,18;21,92;720,07;918,01;5,25;247,92;5063,42;527,02;626,88
2014;7;3958,72;0,01;6,50;237,498;0,95;2,22;724;55829;3;191,24;29462;12,4;424,4896238;523,11;2,96;140,52;2911,53;302,6452684;345,42;0,94;2,96;1279,69;98679,34;5,30;338,02;52074,92;21,92;750,30;924,61;5,23;248,37;5146,21;534,93;610,54
2014;8;3968,62;0,25;6,51;237,46;0,87;2,27;724;61288;3;192,59;29462;13;443,0429789;527,82;2,96;140,74;2939,11;311,5873962;337,8;0,62;3,02;1276,50;108058,05;5,29;339,56;51945,02;22,92;781,14;930,61;5,22;248,14;5182,00;549,37;595,58
2014;9;3991,24;0,57;6,75;237,477;0,91;2,33;724;54116;3;193,36;29462;13;413,3950613;531,88;2,96;140,33;2877,75;320,9685358;333,12;0,34;3,08;1269,26;94872,21;5,26;338,98;51650,62;22,79;724,73;932,45;5,19;246,02;5045,06;562,70;584,00
2014;10;4008;0,42;6,59;237,43;0,95;2,45;724;54629;3;193,94;29462;13;434,0274973;535,98;2,96;140,22;2995,61;326,4117943;341,04;0,53;3,23;1263,96;95371,08;5,24;338,58;51434,64;22,70;757,72;935,71;5,17;244,80;5229,72;569,85;595,39
2014;11;4028,44;0,51;6,56;236,983;0,84;2,55;724;54664;3;194,45;29462;13;449,2575462;540,1;3,01;140,19;2992,82;330,5880987;347,96;0,33;3,34;1257,54;94947,97;5,21;337,75;51173,66;22,58;780,33;938,12;5,23;243,50;5198,34;574,21;604,38
2014;12;4059,86;0,77;6,41;236,252;0,96;2,64;724;50007;3;195,11;29462;13;436,6993753;544,26;3,03;140,89;3160,87;334,666908;354,19;0,18;3,42;1247,81;86186,83;5,17;336,27;50777,62;22,41;752,65;938,03;5,22;242,82;5447,74;576,80;610,44
2015;1;4110,2;1,22;7,14;234,747;0,94;2,63;788;46908;3,5;196;33763;13;405,7650369;548,45;3,03;141,37;3293,90;347,9570358;371,22;-0,28;3,34;1341,48;79855,56;5,96;333,67;57477,68;22,13;690,77;933,67;5,16;240,67;5607,49;592,36;631,96
2015;2;4160,34;1,21;7,70;235,342;0,82;2,82;788;51583;3,5;197,09;33763;13,5;367,8931506;552,68;3,3;142,26;3441,29;355,9883119;378,86;-0,38;3,55;1325,31;86755,89;5,89;331,48;56784,97;22,71;618,75;929,54;5,55;239,26;5787,80;598,73;637,19
2015;3;4215,26;1,30;8,13;235,976;1,04;3,14;788;51150;3,5;198,13;33763;13,5;340,4763622;556,93;3,32;142,54;3668,65;394,6198946;379,35;-0,26;3,91;1308,05;84906,80;5,81;328,89;56045,13;22,41;565,18;924,48;5,51;236,61;6089,80;655,05;629,70
2015;4;4245,19;0,71;8,17;236,222;0,95;3,04;788;56229;3,5;198,87;33763;13,5;324,4948005;561,22;3,31;142,65;3666,29;437,4087115;387,05;0,24;3,76;1298,82;92679,66;5,77;327,79;55649,99;22,25;534,85;925,03;5,46;235,12;6042,98;720,96;637,96
2015;5;4276,6;0,73;8,47;237,001;0,99;3,06;788;52760;3,5;199,21;33763;13,5;362,8553181;565,54;3,3;141,97;3657,95;443,6077554;402,05;0,25;3,77;1289,28;86323,16;5,73;325,94;55241,26;22,09;593,68;925,31;5,40;232,28;5984,95;725,81;657,81
2015;6;4310,39;0,78;8,89;237,657;1,07;3,11;788;53081;3,5;199,4;33763;13,5;391,6753912;569,9;3,3;141,07;3680,97;446,1690742;392,77;0,28;3,81;1279,18;86167,54;5,68;323,69;54808,21;21,91;635,82;925,13;5,36;229,00;5975,40;724,28;637,59
2015;7;4337,11;0,62;9,56;238,034;1,18;3,22;788;50865;3,5;199,6;33763;13,5;429,1265489;578,96;3,3;139,99;3627,18;451,6982061;395,83;0,56;3,93;1271,30;82061,57;5,65;322,02;54470,55;21,78;692,32;934,05;5,32;225,85;5851,81;728,73;638,60
2015;8;4346,65;0,22;9,53;238,033;1,11;3,51;788;46626;3,5;199,74;33763;13,5;429,4560416;585,21;3,3;139,15;3915,29;451,361026;386,04;0,89;4,27;1268,51;75057,60;5,63;321,54;54351,00;21,73;691,33;942,06;5,31;224,00;6302,76;726,59;621,44
2015;9;4370,12;0,54;9,49;237,498;1,11;3,91;788;45059;3,5;199,89;33763;13,5;446,8239064;591,41;3,28;138,12;4376,40;451,6532641;383,21;0,57;4,72;1261,69;72145,52;5,60;320,05;54059,10;21,62;715,43;946,93;5,25;221,15;7007,21;723,16;613,57
2015;10;4405,95;0,81;9,93;237,733;1,11;3,88;788;45869;3,5;199,97;33763;13,5;451,4938339;597,68;3,48;137,4;4504,34;453,4643961;382,13;0,29;4,66;1251,43;72845,19;5,56;317,58;53619,49;21,44;717,02;949,18;5,53;218,21;7153,40;720,15;606,87
2015;11;4450,45;1,00;10,48;238,017;1,06;3,78;788;45120;3,5;199,81;33763;13,5;416,6915127;604,02;3,58;136,35;4112,00;459,6955075;399,21;0,06;4,50;1238,92;70939,21;5,50;314,15;53083,35;21,23;655,14;949,66;5,63;214,37;6465,03;722,75;627,65
2015;12;4493,17;0,95;10,67;237,761;1,16;3,87;788;43350;3,5;200;33763;13,5;423,9967295;610,42;3,63;135,68;4161,69;463,5594189;412,12;0,21;4,55;1227,14;67508,34;5,45;311,46;52578,64;21,02;660,28;950,60;5,65;211,29;6480,94;721,89;641,79
2016;1;4550,23;1,25;10,71;237,827;1,06;4,05;880;40406;3,8;200,04;33763;13,5;380,9247972;616,89;3,68;135;4441,84;466,9466748;448,31;-0,19;4,71;1353,23;62134,63;5,84;307,61;51919,30;20,76;585,77;948,63;5,66;207,60;6830,47;718,05;689,39
2016;2;4591,18;0,89;10,36;237,514;1;3,97;880;42794;3,8;200,24;33763;13,5;381,115279;623,43;3,71;134,94;4760,23;466,2413508;443,4;0,11;4,57;1341,16;65219,84;5,79;305,17;51456,22;20,57;580,84;950,13;5,65;205,65;7254,79;710,57;675,76
2016;3;4610,92;0,43;9,39;237,99;1,16;3,7;880;50055;3,8;200,27;33763;13,5;368,689088;630,04;3,73;135,09;4639,96;458,9613816;444,11;0,73;4,25;1335,42;75959,32;5,77;303,91;51235,93;20,49;559,49;956,10;5,66;205,00;7041,22;696,48;673,94
2016;4;4639,05;0,61;9,28;238,835;1,06;3,57;880;53911;3,8;200,39;33763;13,5;351,3095526;636,72;3,72;135,36;4434,43;453,9984303;442,42;0,45;4,09;1327,32;81314,79;5,73;302,25;50925,25;20,36;529,89;960,37;5,61;204,17;6688,52;684,77;667,31
2016;5;4675,23;0,77;9,32;239,44;1,11;3,54;880;48472;3,8;200,64;33763;13,5;344,3178249;643,47;3,67;135,04;4451,26;455,6668364;449,7;0,33;4,03;1317,05;72545,28;5,69;300,29;50531,16;20,20;515,32;963,04;5,49;202,11;6661,95;681,97;673,04
2016;6;4691,59;0,35;8,84;240,144;1,16;3,42;880;51527;3,8;200,56;33763;13,5;365,0095032;650,29;3,65;134,52;4404,66;456,0808454;469,02;0,81;3,89;1312,45;76848,61;5,67;299,12;50354,95;20,13;544,38;969,86;5,44;200,63;6569,22;680,21;699,51
2016;7;4715,99;0,52;8,74;240,111;1,11;3,28;880;57308;3,8;200,46;33763;13,5;383,6857102;657,31;3,64;134,05;4378,62;451,8534057;475,27;0,59;3,71;1305,66;85028,31;5,64;297,42;50094,42;20,03;569,28;975,26;5,40;198,89;6496,59;670,42;705,16
2016;8;4736,74;0,44;8,97;240,595;1,22;3,21;880;57901;3,8;200,16;33763;15,5;384,5971608;664,34;3,65;133,74;4297,99;448,1794082;475,11;0,78;3,63;1299,94;85531,82;5,61;295,68;49874,97;22,90;568,13;981,37;5,39;197,56;6349,03;662,05;701,84
2016;9;4740,53;0,08;8,48;241,068;1,11;3,26;880;58367;3,8;200,15;33763;15,5;433,5875887;671,45;3,65;133,39;4318,90;451,8610417;471,57;1,03;3,69;1298,90;86151,26;5,61;295,43;49835,10;22,88;639,99;991,08;5,39;196,89;6374,81;666,96;696,05
2016;10;4752,86;0,26;7,87;241,641;1,05;3,19;880;64925;3,8;200,39;33763;15,5;446,6922828;678,64;3,66;133,16;4038,92;450,1954777;469,55;0,79;3,61;1295,53;95582,44;5,59;295,01;49705,81;22,82;657,62;999,09;5,39;196,04;5946,09;662,78;691,27
2016;11;4761,42;0,18;6,99;241,993;1,04;3,34;880;61906;3,8;200,53;33763;15,5;439,7690177;685,9;3,67;133,03;4123,50;447,4734498;450,39;0,86;3,77;1293,20;90974,03;5,58;294,69;49616,45;22,78;646,26;1007,97;5,39;195,49;6059,69;657,59;661,87
2016;12;4775,7;0,30;6,29;242,712;1,12;3,35;880;60227;3,8;200,82;33763;15,5;405,2778864;693,24;3,73;133,23;3891,23;443,1971884;438,89;0,82;3,79;1289,34;88242,01;5,57;294,23;49468,09;22,71;593,80;1015,71;5,47;195,20;5701,26;649,35;643,04
2017;1;4793,85;0,38;5,35;243,717;1,09;3,2;937;64671;4;200,83;33763;15,5;379,5577985;700,65;3,77;133,77;3820,46;440,0610533;435,89;0,71;3,62;1367,65;94394,42;5,84;293,13;49280,80;22,62;554,01;1022,68;5,50;195,25;5576,38;642,32;636,23
2017;2;4809,67;0,33;4,76;244,028;0,87;3,1;937;66662;4;201,2;33763;16,5;355,8126942;708,15;3,76;134,21;3832,64;439,0985167;426,22;0,54;3,50;1363,16;96980,46;5,82;292,71;49118,71;24,00;517,64;1030,22;5,47;195,25;5575,76;638,80;620,07
2017;3;4821,69;0,25;4,57;243,721;1,05;3,13;937;64984;4;201,57;33763;16,5;343,8006889;715,73;3,69;134,62;3845,66;445,5745487;435,34;0,80;3,52;1359,76;94303,61;5,80;292,51;48996,26;23,94;498,92;1038,65;5,35;195,36;5580,75;646,61;631,76
2017;4;4828,44;0,14;4,08;244,058;0,79;3,14;937;65403;4;202,11;33763;16,5;356,4731517;723,39;3,64;135,24;3970,48;433,5067654;446,28;0,65;3,53;1357,86;94778,98;5,80;292,89;48927,76;23,91;516,58;1048,30;5,27;195,98;5753,83;628,22;646,73
2017;5;4843,41;0,31;3,60;243,926;0,93;3,21;937;62711;4;202,18;33763;16,5;344,8162279;731,05;3,62;136;3992,04;429,664961;458,93;0,62;3,59;1353,66;90596,97;5,78;292,08;48776,54;23,84;498,15;1056,13;5,23;196,48;5767,20;620,73;663,00
2017;6;4832,27;-0,23;3,00;244,179;0,81;3,3;937;62900;4;202,12;33763;16,5;358,5481089;738,73;3,55;136,66;4147,70;445,0377144;441,61;1,04;3,71;1356,78;91079,50;5,79;292,67;48888,98;23,89;519,18;1069,68;5,14;197,88;6005,89;644,42;639,45
2017;7;4843,87;0,24;2,71;244,328;0,8;3,21;937;65920;4;202,11;33763;16,5;384,2488812;746,56;3,55;136,76;3967,52;443,866002;445,83;0,56;3,60;1353,53;95223,89;5,78;291,96;48771,91;23,83;555,06;1078,43;5,13;197,55;5731,23;641,18;644,02
2017;8;4853,07;0,19;2,46;245,304;0,8;3,15;937;70835;4;202,48;33763;16,5;396,7034637;754,55;3,78;136,43;4040,27;457,6132094;431,66;0,61;3,54;1350,97;102129,81;5,77;291,94;48679,45;23,79;571,97;1087,91;5,45;196,70;5825,26;659,79;622,37
2017;9;4860,83;0,16;2,54;246,445;0,64;3,13;937;74294;4;202,9;33763;16,5;408,4695781;762,55;3,88;136,11;4115,86;461,5591325;421,02;0,48;3,53;1348,81;106945,99;5,76;292,07;48601,74;23,75;587,99;1097,69;5,59;195,93;5924,77;664,41;606,06
2017;10;4881,25;0,42;2,70;246,57;0,64;3,19;937;74308;4;203,24;33763;16,5;427,4363217;770,63;3,9;135,82;4071,37;473,9698168;428,13;0,22;3,58;1343,17;106518,66;5,73;291,34;48398,42;23,65;612,72;1104,68;5,59;194,69;5836,21;679,42;613,71
2017;11;4894,92;0,28;2,80;247,333;0,57;3,26;937;72512;4;203,42;33763;16,5;421,6254114;778,8;4;135,86;4182,44;490,5515817;423,23;0,29;3,66;1339,42;103653,86;5,72;290,78;48263,26;23,59;602,70;1113,27;5,72;194,21;5978,68;701,23;605,00
2017;12;4916,46;0,44;2,95;247,847;0,54;3,29;937;76402;4;203,63;33763;16,5;465,358918;787,05;4,09;136,41;4158,76;487,4633199;424,36;0,10;3,69;1333,55;108736,01;5,69;289,81;48051,80;23,48;662,30;1120,14;5,82;194,14;5918,78;693,76;603,95
2018;1;4930,72;0,29;2,86;248,816;0,58;3,21;954;84913;4;203,97;33763;16,5;398,8725515;795,4;4,19;137,27;4285,50;469,4553624;439,2;0,29;3,60;1353,81;120499,44;5,68;289,45;47912,84;23,42;566,04;1128,75;5,95;194,80;6081,52;666,20;623,27
2018;2;4946,5;0,32;2,84;249,475;0,47;3,24;954;85481;4;204,33;33763;16,5;380,7763772;803,83;4,21;138,47;4312,17;458,2225611;437,33;0,15;3,63;1349,50;120918,50;5,66;289,04;47759,99;23,34;538,63;1137,07;5,96;195,87;6099,85;648,19;618,63
2018;3;4950,95;0,09;2,68;249,413;0,53;3,28;954;85366;4;204,67;33763;16,5;379,3203805;812,35;4,2;139,52;4342,20;459,4495366;437,84;0,44;3,67;1348,28;120647,29;5,65;289,26;47717,06;23,32;536,09;1148,09;5,94;197,18;6136,81;649,34;618,80
2018;4;4961,84;0,22;2,76;249,957;0,52;3,41;954;86115;4;205,06;33763;16,5;348,0447122;820,96;4,22;140,07;4547,39;469,6778431;434,8;0,30;3,82;1345,32;121438,73;5,64;289,17;47612,33;23,27;490,81;1157,71;5,95;197,53;6412,70;662,34;613,15
2018;5;4981,69;0,40;2,86;250,64;0,52;3,64;954;76754;4;205,54;33763;16,5;353,9075449;829,66;4,31;140,26;4733,55;484,5234991;441,16;0,12;4,07;1339,96;107806,64;5,62;288,70;47422,62;23,18;497,09;1165,32;6,05;197,01;6648,62;680,55;619,64
2018;6;5044,46;1,24;4,39;251,176;0,52;3,77;954;72763;4;205,98;33763;16,5;316,9657219;838,46;4,55;140,64;4831,36;512,2732443;451,63;-0,72;4,17;1323,29;100929,26;5,55;285,71;46832,52;22,89;439,66;1163,02;6,31;195,08;6701,56;710,57;626,45
2018;7;5061,11;0,33;4,48;251,482;0,54;3,83;954;79220;4;206,52;33763;16,5;380,8780735;840,97;4,49;141,22;4733,58;542,0463183;437,42;0,21;4,23;1318,94;109524,24;5,53;285,52;46678,45;22,81;526,58;1162,67;6,21;195,24;6544,33;749,40;604,75
2018;8;5056,56;-0,09;4,19;251,905;0,57;3,93;954;76678;4;206,5;33763;16,9;409,8187685;847,78;4,45;141,69;4721,71;550,4514723;432,81;0,66;4,35;1320,12;106105,23;5,54;285,75;46720,45;23,39;567,10;1173,14;6,16;196,07;6533,79;761,70;598,91
2018;9;5080,83;0,48;4,53;252,261;0,47;4,12;954;79342;4;206,75;33763;16,9;402,9313247;854,65;4,63;141,44;4931,75;557,2348529;432,83;-0,01;4,55;1313,82;109267,16;5,51;284,73;46497,28;23,27;554,90;1177,00;6,38;194,79;6791,84;767,41;596,08
2018;10;5103,69;0,45;4,56;252,777;0,54;3,76;954;87424;4;206,54;33763;16,9;435,4470277;861,06;4,72;141,12;4567,18;565,2812684;446,02;0,09;4,14;1307,93;119858,15;5,48;283,17;46289,01;23,17;597,00;1180,51;6,47;193,48;6261,60;775,00;611,49
2018;11;5092,97;-0,21;4,05;252,662;0,49;3,79;954;89504;4;206,85;33763;16,9;429,563727;867,95;4,59;140,94;4618,87;550,2946009;471,37;0,70;4,18;1310,69;122968,11;5,50;284,19;46386,45;23,22;590,17;1192,46;6,31;193,64;6345,79;756,04;647,61
2018;12;5100,61;0,15;3,75;252,653;0,49;3,88;954;87887;4;207,27;33763;16,9;463,1519733;874,89;4,37;141,77;4859,97;527,9787857;471,44;0,34;4,27;1308,72;120565,68;5,49;284,34;46316,97;23,18;635,36;1200,20;5,99;194,48;6667,03;724,30;646,73
2019;1;5116,93;0,32;3,78;252,55;0,54;3,74;998;97394;4,3;207,91;39293;16,9;391,3215331;881,89;4,27;142,8;4830,73;528,711007;467,65;0,22;4,10;1364,72;133181,50;5,88;284,31;53731,24;23,11;535,11;1205,94;5,84;195,27;6605,79;722,99;639,49
2019;2;5138,93;0,43;3,89;253,181;0,49;3,72;998;95584;4,3;208,46;39293;16,9;396,7537577;888,86;4,19;144,21;4914,10;529,2745422;482,4;0,06;4,08;1358,87;130146,86;5,85;283,84;53501,22;23,01;540,22;1210,27;5,71;196,36;6691,02;720,66;656,83
2019;3;5177,47;0,74;4,58;254,095;0,47;3,85;998;95415;4,3;208,88;39293;16,9;359,601889;895,97;4,31;145,2;5003,11;530,3412899;509,11;-0,27;4,20;1348,76;128949,67;5,81;282,29;53102,97;22,84;485,99;1210,87;5,82;196,23;6761,51;716,74;688,04
2019;4;5206,98;0,57;4,94;254,943;0,52;3,9;998;96353;4,3;209,32;39293;16,9;455,6615964;903,14;4,44;146,27;5009,34;535,7884436;522,05;-0,05;4,25;1341,11;129479,35;5,78;281,28;52802,01;22,71;612,32;1213,64;5,97;196,56;6731,56;719,99;701,53
2019;5;5213,75;0,13;4,66;255,167;0,54;4;998;97030;4,3;209,68;39293;16,9;464,4656971;910,36;4,55;147,2;5134,79;544,9997089;507,07;0,41;4,35;1339,37;130219,80;5,77;281,40;52733,45;22,68;623,34;1221,76;6,11;197,55;6891,18;731,42;680,52
2019;6;5214,27;0,01;3,37;255,402;0,47;3,86;998;100967;4,3;210,17;39293;16,9;426,6855639;917,64;4,47;148,48;5243,48;545,3655095;501,68;0,46;4,20;1339,24;135489,96;5,77;282,03;52728,19;22,68;572,58;1231,40;6,00;199,25;7036,35;731,84;673,22
2019;7;5224,18;0,19;3,22;256,087;0,57;3,78;998;101812;4,3;210,57;39293;16,9;428,4430861;924,89;4,35;149,61;5337,08;551,8870798;493,16;0,38;4,12;1336,70;136364,72;5,76;282,03;52628,17;22,64;573,85;1238,78;5,83;200,38;7148,37;739,19;660,53
2019;8;5229,93;0,11;3,43;256,294;0,5;4,02;998;101135;4,3;211,18;39293;17,5;425,2509479;925,17;4,32;150,59;6030,72;574,1037458;481,44;0,39;4,38;1335,23;135309,03;5,75;282,54;52570,30;23,41;568,95;1237,79;5,78;201,48;8068,53;768,10;644,12
2019;9;5227,84;-0,04;2,89;256,593;0,46;4,12;998;104745;4,3;210,87;39293;17,5;415,9396913;930,45;4,33;151,63;6222,19;580,9418553;473,85;0,50;4,50;1335,76;140194,89;5,76;282,24;52591,32;23,42;556,71;1245,35;5,80;202,95;8328,03;777,56;634,22
2019;10;5233,07;0,10;2,54;257,229;0,48;4,09;998;107220;4,3;210,89;39293;17,5;465,1613367;935,93;4,38;151,98;6111,64;568,5893073;473,59;0,38;4,47;1334,43;143364,11;5,75;281,98;52538,76;23,40;621,97;1251,43;5,86;203,21;8171,89;760,26;633,24
2019;11;5259,76;0,51;3,27;257,824;0,38;4,16;998;108042;4,3;211,46;39293;17,5;397,7160435;941,46;4,41;152,12;6097,54;567,7259385;465,81;-0,13;4,53;1327,66;143730,15;5,72;281,31;52272,16;23,28;529,09;1252,44;5,87;202,37;8111,66;755,26;619,68
2019;12;5320,25;1,14;4,31;258,444;0,37;4,11;998;115645;4,3;211,95;39293;17,5;436,5336985;947,01;4,53;152,54;6090,61;563,6314319;506,5;-0,76;4,44;1312,56;152095,37;5,66;278,75;51677,84;23,02;574,13;1245,50;5,96;200,62;8010,32;741,28;666,14
2020;1;5331,42;0,21;4,19;258,82;0,38;4,15;1039;113761;4,4;212,66;39293;17,5;369,4807493;952,69206;4,58;153,02;6472,52;549,6213289;517,51;0,17;4,48;1363,62;149304,08;5,77;279,10;51569,57;22,97;484,92;1250,35;6,01;200,83;8494,77;721,34;679,20
2020;2;5344,75;0,25;4,01;259,05;0,29;4,34;1045;104172;4,4;212,99;39293;19,9;377,6291155;958,3129432;4,55;154,09;6934,45;542,7594589;519,76;0,04;4,68;1368,08;136378,15;5,76;278,84;51440,95;26,05;494,38;1254,59;5,96;201,73;9078,33;710,56;680,45
2020;3;5348,49;0,07;3,30;257,953;0,34;4,88;1045;73020;4,4;213,61;39293;19,9;344,2527329;964,0628208;4,46;156,04;7773,74;537,7019556;518,5;0,27;5,23;1367,12;95528,25;5,76;279,45;51404,98;26,03;450,37;1261,23;5,83;204,14;10169,98;703,45;678,33
2020;4;5331,9;-0,31;2,40;255,902;0,28;5,33;1045;80506;4,4;214,06;39293;19,9;288,1660195;969,8471977;4,07;158,31;8962,86;522,5326236;556,25;0,59;5,69;1371,37;105649,50;5,77;280,91;51564,92;26,12;378,17;1272,75;5,34;207,75;11762,13;685,73;729,98
2020;5;5311,69;-0,38;1,88;255,768;0,24;5,64;1045;87410;4,4;214,7;39293;19,9;319,0464694;975,6662809;3,82;159,3;9697,64;516,3543901;556,36;0,62;6,04;1376,59;115146,19;5,80;282,83;51761,12;26,21;420,28;1285,26;5,03;209,85;12774,81;680,20;732,90
2020;6;5325,46;0,26;2,13;257,214;;5,2;1045;95055;4,4;215,3;39293;19,9;284,885072;981,5202786;3,96;158,9;9025,80;510,6871037;547,03;;5,58;1373,03;124893,27;5,78;282,88;51627,28;26,15;374,31;1289,62;5,20;208,78;11859,05;670,99;718,75
2020;7;5344,63;0,36;2,31;258,723;;5,28;1045;102912;4,4;216,2;39293;19,9;263,0693511;987,4094003;4,14;157,5;9741,31;537,8225085;524,74;;5,68;1368,11;134731,63;5,76;283,05;51442,10;26,05;344,41;1292,71;5,42;206,20;12753,25;704,11;686,99
2020;8;5357,46;0,24;2,44;259,681;;5,46;1045;99363;4,4;217,2;39293;20,9;324,7739762;993,3338567;4,23;156,2;10749,97;544,6002284;539,95;;5,88;1364,83;129773,78;5,75;283,68;51318,91;27,30;424,17;1297,35;5,52;204,01;14040,08;711,28;705,21
2020;9;5391,75;0,64;3,14;260,209;;5,4;1045;94603;4,4;217,9;39293;20,9;380,2899856;970,3878446;4,35;155,3;10387,29;544,5036368;563,35;;5,79;1356,15;122771,16;5,71;282,78;50992,54;27,12;493,52;1259,32;5,65;201,54;13480,12;706,63;731,09
2020;10;5438,12;0,85;3,92;260,352;;5,63;1045;93958;4,4;218,5;39293;20,9;425,5515562;;4,36;154,7;10689,38;547,0286417;595,87;;5,99;1344,59;120894,39;5,66;281,14;50557,73;26,89;547,55;;5,61;199,05;13753,87;703,85;766,70
2020;11;5486,52;0,88;4,31;260,817;;5,42;1045;108893;4,4;219,2;39293;20,9;387,811694;;4,47;154,4;10137,88;550,377964;629,18;;5,73;1332,72;138875,03;5,61;279,55;50111,73;26,65;494,59;;5,70;196,91;12929,19;701,92;802,42
2020;12;5560,59;1,33;4,52;261,775;;5,15;1045;119017;4,4;220;39293;20,9;416,6579329;;4,56;154,28;9531,08;581,8576692;631,46;;5,39;1314,97;149764,65;5,54;276,84;49444,22;26,30;524,30;;5,74;194,13;11993,40;732,18;794,60
2021;1;5574,49;0,25;4,56;262,231;;5,36;1100;115068;4,4;220,984219;39293;21,9;360,7362665;;4,62;153,83;10006,40;583,6824485;654,15;;5,61;1380,73;144434,39;5,52;277,38;49320,93;27,49;452,80;;5,80;193,08;12560,12;732,64;821,09
2021;2;5622,43;0,85;5,20;263,161;;5,42;1100;110035;4,4;221,8717842;39293;21,9;410,3469963;;4,95;153,28;9792,86;560,1761771;639,47;;5,64;1368,96;136939,26;5,48;276,12;48900,39;27,25;510,68;;6,16;190,76;12187,28;697,14;795,82
2021;3;5674,72;0,92;6,10;264,793;;5,65;1100;116534;4,4;222,7212016;39293;21,9;345,4601848;;5,48;152,68;9700,35;560,9710281;626;;5,86;1356,34;143690,94;5,43;274,62;48449,79;27,00;425,97;;6,76;188,26;11960,91;691,70;771,88
2021;4;5692,31;0,31;6,76;266,832;;5,56;1100;118894;4,4;223,2971519;39293;21,9;326,7695268;;5,6;152,54;9788,52;565,0735917;632,61;;5,80;1352,15;146147,90;5,41;274,48;48300,08;26,92;401,67;;6,88;187,50;12032,33;694,60;777,62
2021;5;5739,56;0,82;8,06;268,551;;5,29;1100;126216;4,4;223,9;39293;21,9;411,5140831;;5,604;151,1;9798,28;581,0901645;636,4;;5,50;1341,02;153871,08;5,36;272,96;47902,46;26,70;501,68;;6,83;184,21;11945,17;708,41;775,84
2021;6;5769,98;0,53;8,35;270,981;;5,03;1100;126801;4,4;224,8;39293;21,9;408,5112059;;5,687;151,3;9221,18;606,3040015;626,76;;5,25;1333,95;153769,27;5,34;272,61;47649,91;26,56;495,39;;6,90;183,48;11182,36;735,25;760,06
2021;7;5825,37;0,95;8,99;272,265;;5,16;1100;121800;4,4;225,8;39293;22,9;466,4825139;;5,807;150,7;9340,17;637,4484038;640,51;;5,36;1321,27;146300,21;5,29;271,22;47196,83;27,51;560,32;;6,98;181,01;11218,96;765,67;769,35
2021;8;5876,050719;0,86;9,68;273,012;;5,25;1100;118781;4,4;226,6;39293;22,9;548,6860539;;5,933;150,7;9414,02;658,709544;650,5;;5,42;1309,87;141443,38;5,24;269,83;46789,76;27,27;653,37;;7,06;179,45;11210,13;784,39;774,61
2021;9;5944,21;1,15;10,25;274,138;;5,28;1100;110979;4,4;227;39293;22,9;547,5941487;;6,078;151;9656,29;687,7914734;673,45;;5,41;1294,85;130637,50;5,18;267,21;46253,25;26,96;644,59;;7,15;177,75;11366,78;809,62;792,74
2021;10;6018,51;1,23;10,67;276,59;;5,54;1100;103500;4,4;227,4;39293;22,9;561,2039;;6,341;151,4;10052,00;708,01;693,79;;5,66;1278,87;120329,62;5,12;264,38;45682,24;26,62;652,46;;7,37;176,02;11686,51;823,13;806,60
2021;11;6075,69;0,94;10,74;278,524;;5,56;1100;101915;4,4;228,2;39293;22,9;530,4506053;;6,744;152,1;9979,68;712,08;692,27;;5,67;1266,83;117371,78;5,07;262,81;45252,31;26,37;610,90;;7,77;175,17;11493,23;820,07;797,26
2021;12;6120,04;0,72;10,06;280,126;;5,65;1100;104822;4,4;229,1;39293;22,9;490,797232;;6,67;152,9;10188,00;711,27;690,51;;5,75;1257,65;119844,85;5,03;261,93;44924,38;26,18;561,14;;7,63;174,81;11648,12;813,21;789,47
2022;1;6153,09;0,54;10,38;281,933;;5,53;1212;112144;4,4;230,1;39293;22,9;478,342227;;6,635;153,7;9535,00;707,49;713,86;;5,63;1378,26;127527,53;5,00;261,66;44683,08;26,04;543,96;;7,55;174,78;10842,98;804,54;811,78
2022;2;6215,24;1,00;10,54;284,182;;5,2;1212;113141;4,4;231;39293;22,9;492,654479;;6,6;155;9854,14;708,90;715,65;;5,29;1364,48;127374,74;4,95;260,06;44236,27;25,78;554,63;;7,43;174,50;11093,84;798,08;805,68
2022;3;6317,584875;1,62;11,33;287,708;;4,97;1212;119999;4,4;232;39293;22,9;;;7,012;156,7;9178,22;710,14;761,19;;5,03;1342,37;132906,96;4,87;256,96;43519,64;25,36;;;7,77;173,56;10165,50;786,52;843,07
2022;4;6382,88;1,02;12,13;288,663;;4,76;1212;107876;4,4;233,2;39293;22,9;;;7,245;159,2;9431,23;702,89;803,99;;4,79;1328,64;118257,68;4,82;255,64;43074,45;25,10;;;7,94;174,52;10338,86;770,53;881,36
2022;5;6412,88;0,47;11,73;291,474;;4,96;1212;111351;4,4;234;39293;22,9;;;7,278;162,1;8693,33;628,34;777,93;;5,01;1322,42;121496,06;4,80;255,32;42872,94;24,99;;;7,94;176,87;9485,37;685,59;848,81
2022;6;6455,85;0,67;11,89;295,328;;5,05;1212;98542;4,4;234,5;39293;22,9;;;7,25;165;9494,68;616,04;777,01;;5,14;1313,62;106804,40;4,77;254,16;42587,58;24,82;;;7,86;178,83;10290,78;667,69;842,16
2022;7;6411,95;-0,68;10,07;295,271;;5,37;1212;103164;4,4;234,7;39293;22,9;;;6,05;167,6;9135,99;621,85;760,45;;5,50;1322,62;112579,48;4,80;256,12;42879,16;24,99;;;6,60;182,90;9969,81;678,60;829,85
2022;8;6388,87;-0,36;8,73;295,62;;5,14;1212;109523;4,4;235,8;39293;22,9;;;5,39;169,5;8868,24;627,53;749,78;;5,29;1327,39;119950,61;4,82;258,25;43034,06;25,08;;;5,90;185,64;9712,58;687,28;821,17
2022;9;6370,34;-0,29;7,17;296,761;;5,24;1212;110036;4,4;237,3;39293;22,9;;;5;171,2;8986,35;;750,74;;5,43;1331,25;120863,00;4,83;260,65;43159,24;25,15;;;5,49;188,05;9870,56;;824,61
2022;10;6407,93;0,59;6,47;298,062;;5,25;1212;114539;4,4;239,1;39293;22,9;;;4,89;172,8;8460,78;;762,20;;5,43;1323,45;125071,05;4,80;261,09;42906,06;25,01;;;5,34;188,69;9238,76;;832,29
2022;11;6434,2;0,41;5,90;298,349;;5,27;1212;112486;4,4;240,1;39293;22,9;;;5,04;173,9;9168,86;;782,68;;5,43;1318,04;122327,78;4,78;261,11;42730,88;24,90;;;5,48;189,12;9971,07;;851,16
2022;12;6474,09;0,62;5,79;298,112;;5,24;1212;109734;4,4;240,6;39293;22,9;;;4,97;175,2;9642,71;;791,29;;5,37;1309,92;118599,72;4,76;260,04;42467,59;24,75;;;5,37;189,35;10421,77;;855,22
2023;1;6508,4;0,53;5,77;300,536;;5,2;1302;113430;4,4;241,3;39293;22,9;;;5,05;176,5;9781,90;;790,57;;5,34;1399,77;121948,06;4,73;259,42;42243,72;24,62;;;5,43;189,75;10516,47;;849,94
2023;2;6563,07;0,83;5,60;301,648;;5,17;1302;104931;4,4;242,1;39293;22,9;;;5,09;178,5;9566,33;;779,38;;5,28;1388,11;111871,11;4,69;258,11;41891,83;24,41;;;5,43;190,31;10199,04;;830,93
2023;3;6609,67;0,71;4,62;301,808;;5,21;1302;101882;4,4;243,2;41650;22,9;;;5,48;180,9;9974,99;;782,23;;5,29;1378,33;107854,65;4,66;257,46;44091,66;24,24;;;5,80;191,50;10559,76;;828,09
2023;4;6649,99;0,61;4,18;302,918;;5,02;1320;104431;4,4;244,2;41650;22,9;;;5,52;183,3;9923,19;;794,68;;5,08;1388,91;109882,78;4,63;256,95;43824,32;24,10;;;5,81;192,87;10441,23;;836,17
2023;5;6665,28;0,23;3,94;303,294;;4,98;1320;108335;4,4;245,4;41650;22,9;;;5,21;185,5;9922,48;;791,82;;5,04;1385,72;113729,09;4,62;257,62;43723,79;24,04;;;5,47;194,74;10416,53;;831,25
2023;6;6659,95;-0,08;3,16;303,841;;4,85;1320;118977;4,4;246,5;41650;22,9;;;5,36;188,1;9187,46;;783,05;;4,92;1386,83;125000,93;4,62;258,98;43758,78;24,06;;;5,63;197,62;9652,63;;822,70
2023;7;6667,94;0,12;3,99;304,348;;4,8;1320;121943;4,4;247,4;41650;22,9;;;5,52;191,1;9290,22;;769,95;;4,87;1385,17;127963,58;4,62;259,61;43706,35;24,03;;;5,79;200,54;9748,90;;807,96
2023;8;6683,28;0,23;4,61;306,269;;4,9;1320;115741;4,4;248,5;41650;22,9;;;5,87;193,7;9613,55;;748,47;;4,99;1381,99;121176,60;4,61;260,17;43606,03;23,98;;;6,15;202,80;10065,04;;783,62
2023;9;6700,66;0,26;5,19;307,481;;4,94;1320;116565;4,4;249,6;41650;22,9;;;5,8;194,9;9303,13;;734,77;;5,04;1378,41;121722,75;4,59;260,64;43492,92;23,91;;;6,06;203,52;9714,77;;767,28
2023;10;6716,74;0,24;4,82;307,619;;5,06;1320;113143;4,4;250,7;41650;22,9;;;5,65;195,8;9990,68;;738,13;;5,15;1375,11;117866,49;4,58;261,17;43388,80;23,86;;;5,89;203,97;10407,77;;768,95
2023;11;6735,55;0,28;4,68;307,917;;4,9;1320;127331;4,4;251,5;41650;22,9;;;5,63;196,9;10027,00;;749,28;;4,98;1371,27;132276,37;4,57;261,27;43267,63;23,79;;;5,85;204,55;10416,44;;778,38
2023;12;6773,27;0,56;4,62;308,85;;4,9;1320;134193;4,4;251,9;41650;22,9;;;5,56;198,5;10010,00;;761,01;;4,97;1363,63;138628,54;4,55;260,23;43026,68;23,66;;;5,74;205,06;10340,87;;786,16
2024;1;6801,72;0,42;4,51;309,685;;4,91;1412;127752;4,4;252,6;41650;22,9;;;5,56;200,3;10101,00;;793,39;;4,97;1452,57;131422,63;4,53;259,86;42846,71;23,56;;;5,72;206,06;10391,23;;816,19
2024;2;6858,17;0,82;4,50;311,054;;4,96;1412;129020;4,4;253,5;44008;22,9;;;5,74;201,9;10164,00;;808,38;;5,00;1440,61;131634,57;4,49;258,64;44899,82;23,36;;;5,86;205,99;10369,97;;824,76
2024;3;6869,14;0,16;3,93;312,23;;4,98;1412;128106;4,4;254,8;44008;22,9;;;5,76;204,2;11184,00;;813,26;;5,03;1438,31;130493,32;4,48;259,55;44828,11;23,33;;;5,87;208,01;11392,42;;828,42
2024;4;6895,24;0,38;3,69;313,207;;5,13;1412;125924;4,4;256,3;44008;22,9;;;5,84;206,3;11875,00;;822,84;;5,18;1432,87;127785,13;4,47;260,09;44658,43;23,24;;;5,93;209,35;12050,51;;835,00
2024;5;6926,96;0,46;3,93;313,225;;5,13;1412;122098;4,4;258,1;44008;22,9;;;5,85;209;12209,00;;826,85;;5,16;1426,31;123335,20;4,44;260,72;44453,93;23,13;;;5,91;211,12;12332,71;;835,23
2024;6;6941,51;0,21;4,23;313,049;;5,39;1412;123907;4,4;259,9;44008;22,9;;;5,85;211,4;13015,00;;832,69;;5,40;1423,32;124900,18;4,44;261,98;44360,75;23,08;;;5,90;213,09;13119,32;;839,36
2024;7;6967,89;0,38;4,50;313,534;;5,54;1412;127651;4,4;261,5;44008;22,9;;;6,13;214;13846,00;;809,77;;5,54;1417,93;128187,04;4,42;262,60;44192,80;23,00;;;6,16;214,90;13904,14;;813,17
2024;8;6966,5;-0,02;4,24;314,121;;5,55;1412;136004;4,4;263,1;44008;22,9;;;6,09;215,8;14045,00;;786,35;;5,56;1418,21;136602,37;4,42;264,26;44201,62;23,00;;;6,12;216,75;14106,79;;789,81
2024;9;6997,15;0,44;4,42;314,686;;5,54;1412;131816;4,4;264,5;44008;22,9;;;6,07;216,6;14363,00;;792,47;;5,54;1412,00;131816,00;4,40;264,50;44008,00;22,90;;;6,07;216,60;14363,00;;792,47
