YearMo;7169;7786;7766;7712;7660;7625;7558;7486;7445;7170;7169_weight_acc;7786_weight_acc;7766_weight_acc;7712_weight_acc;7660_weight_acc;7625_weight_acc;7558_weight_acc;7486_weight_acc;7445_weight_acc;7170_weight_acc
201201;0,560000000000;0,010422510000;0,017056650000;0,070588200000;0,033280800000;0,141740490000;0,004668440000;0,007481280000;0,077469570000;0,198863820000;1,005600000000;1,000104225100;1,000170566500;1,000705882000;1,000332808000;1,001417404900;1,000046684400;1,000074812800;1,000774695700;1,001988638200
201202;0,450000000000;-0,008406160000;0,245341100000;0,087604000000;0,077450800000;-0,067876710000;-0,015267170000;0,002794500000;0,087667800000;0,044070120000;1,010125200000;1,000020154739;1,002624395970;1,001582540381;1,001107573762;1,000737675712;0,999894005573;1,000102759891;1,001652052859;1,002430215795
201203;0,210000000000;-0,017688600000;0,024784380000;0,054982400000;0,042145420000;0,032658880000;-0,040217300000;-0,018556400000;0,070232640000;0,057833750000;1,012246462920;0,999843265174;1,002872890210;1,002133234500;1,001529494754;1,001064505429;0,999491875201;0,999917176822;1,002355539539;1,003009958780
201204;0,640000000000;0,022478360000;0,001842040000;0,223715830000;0,106662720000;0,020405000000;0,064068480000;-0,036420580000;0,117380000000;0,118014510000;1,018724840283;1,000068013542;1,002891363530;1,004375165183;1,002597753355;1,001268772641;1,000132234453;0,999553001187;1,003532104471;1,004193656068
201205;0,360000000000;-0,009267630000;-0,000457760000;0,061141800000;0,073560300000;-0,117726660000;0,058384890000;0,007726330000;0,117564000000;0,168707380000;1,022392249708;0,999975330939;1,002886772694;1,004989258238;1,003335267270;1,000090012357;1,000716160558;0,999630229950;1,004711896955;1,005887804876
201206;0,080000000000;-0,000485170000;0,002736840000;0,048013320000;0,042483240000;-0,237287380000;0,025714260000;-0,001360650000;0,041327720000;0,157717160000;1,023210163507;0,999970479359;1,002914220101;1,005471786946;1,003761516600;0,997716924970;1,000973487313;0,999616628481;1,005127121474;1,007474262554
201207;0,430000000000;0,007271100000;0,005472600000;0,093326870000;0,040368240000;-0,005957040000;0,002645520000;-0,000453040000;0,079860600000;0,212330300000;1,027609967211;1,000043188212;1,002969105584;1,006410162294;1,004166717458;0,997657490573;1,000999968267;0,999612099818;1,005929822024;1,009613435678
201208;0,410000000000;-0,000483360000;0,023185110000;0,043279740000;0,059388090000;0,011858940000;0,012517200000;0,018041200000;0,032570120000;0,206294880000;1,031823168076;1,000038354403;1,003201645075;1,006845733995;1,004763072892;0,997775802176;1,001125265435;0,999792441836;1,006257454574;1,011696216504
201209;0,570000000000;0,001444200000;0,004551200000;0,075241100000;0,035901440000;-0,015758800000;0,058498810000;0,008117460000;0,104916700000;0,296735040000;1,037704560134;1,000052796957;1,003247302788;1,007603295801;1,005123797303;0,997618564683;1,001710911802;0,999873599588;1,007313186689;1,014698273677
201210;0,590000000000;0,014843420000;0,002264900000;0,010323800000;0,053717760000;0,046975920000;0,071871330000;0,016620770000;0,056227840000;0,322470960000;1,043827017039;1,000201238994;1,003270025336;1,007707318750;1,005663727292;0,998087205182;1,002430854757;1,000039786279;1,007879577136;1,017970380941
201211;0,600000000000;0,014802190000;0,002252550000;0,054454320000;0,035772480000;0,132643520000;0,056978440000;0,021063050000;0,094499200000;0,188714410000;1,050089979141;1,000349290682;1,003292624495;1,008256058918;1,006023478148;0,999411103184;1,003002024220;1,000250425159;1,008832015273;1,019891437739
201212;0,790000000000;0,001428510000;0,008513900000;0,164294400000;0,044592800000;0,146423250000;0,073716210000;0,012083580000;0,093058560000;0,246479000000;1,058385689976;1,000363580772;1,003378043826;1,009912567160;1,006472092186;1,000874473402;1,003741399299;1,000371291220;1,009770819820;1,022405255956
201301;0,860000000000;-0,003780160000;0,015589350000;0,160446700000;0,081068690000;0,146389500000;-0,035310720000;0,051204900000;-0,029491800000;0,477289560000;1,067487806910;1,000325765428;1,003534463941;1,011532938547;1,007288025926;1,002339648539;1,003386970984;1,000883530339;1,009473020229;1,027285089504
201302;0,600000000000;0,004681300000;0,239290200000;0,059405970000;0,072090200000;0,157924080000;0,036136650000;0,023666620000;-0,347289600000;0,351623550000;1,073892733752;1,000372593678;1,005935823567;1,012133849501;1,008014181878;1,003922584208;1,003749561421;1,001120405641;1,005967225415;1,030897265804
201303;0,470000000000;0,006056180000;0,026000800000;0,056263680000;0,035509440000;-0,017584560000;0,009850050000;0,004907980000;0,072220080000;0,278784720000;1,078940029600;1,000433178043;1,006197374928;1,012703313251;1,008372122070;1,003746048838;1,003848431255;1,001169540430;1,006693735750;1,033771249860
201304;0,550000000000;-0,014857920000;0,004647200000;0,063600430000;0,141832960000;-0,036917570000;0,042542500000;0,028005390000;0,087831680000;0,236311680000;1,084874199763;1,000284534481;1,006244134933;1,013347396913;1,009802326098;1,003375490188;1,004275493474;1,001449921865;1,007577931771;1,036214172068
201305;0,370000000000;0,003682240000;0,002775780000;0,042770380000;0,104906820000;-0,048222250000;0,055029240000;0,020464020000;0,106314000000;0,076616190000;1,088888234302;1,000321367359;1,006272066056;1,013780809446;1,010861677607;1,002891639951;1,004828138646;1,001654858777;1,008649128173;1,037008079887
201306;0,260000000000;0,008719670000;0,008301960000;0,041743200000;0,040405320000;0,026839820000;0,032912500000;0,005343480000;0,081096180000;0,009881920000;1,091719343711;1,000408592081;1,006355606361;1,014203993996;1,011270119502;1,003160814262;1,005158852707;1,001708382004;1,009467104085;1,037110556196
201307;0,030000000000;0,009171200000;0,005069240000;0,118082740000;0,038200020000;-0,126382080000;-0,025741170000;0,012453840000;0,081346980000;-0,081353580000;1,092046859515;1,000500341554;1,006406620942;1,015401593862;1,011656424890;1,001892998759;1,004900113058;1,001833133163;1,010288275089;1,036266829629
201308;0,240000000000;0,000918780000;0,030901740000;0,041203500000;0,050713200000;-0,011409180000;0,005257680000;0,039680650000;0,081789870000;0,002456430000;1,094667771977;1,000509533951;1,006717618099;1,015819974858;1,012169468236;1,001778690983;1,004952947490;1,002230667062;1,011114588556;1,036292284799
201309;0,350000000000;-0,001833440000;0,005558520000;0,021162400000;0,051950560000;0,083412120000;0,041335560000;0,029168100000;0,089255820000;0,034310500000;1,098499109179;1,000491190209;1,006773576699;1,016034946744;1,012695295943;1,002614295827;1,005368350418;1,002522998705;1,012017067173;1,036647841863
201310;0,570000000000;0,003652240000;0,004159080000;0,045427780000;0,044091450000;0,032253420000;0,074350610000;0,036454860000;0,080828720000;0,251904010000;1,104760554102;1,000527730548;1,006815449217;1,016496508864;1,013141807983;1,002937673227;1,006115847920;1,002888467061;1,012835067614;1,039259199346
201311;0,540000000000;0,018171600000;0,003679280000;0,091775430000;0,046267270000;0,068023080000;0,056241950000;0,017144840000;0,099580110000;0,137584720000;1,110726261094;1,000709542445;1,006852492777;1,017429402906;1,013610561039;1,003619902323;1,006681707092;1,003060410684;1,013843649889;1,040689061206
201312;0,920000000000;0,033571580000;0,002289050000;0,105838000000;0,046207000000;0,348958100000;0,053098400000;0,040094500000;0,075157680000;0,218701480000;1,120944942696;1,001045496450;1,006875540134;1,018506229838;1,014078920071;1,007122115265;1,007216238971;1,003462582740;1,014605631255;1,042965063585
201401;0,550000000000;0,001360470000;0,025669380000;0,181707680000;0,053936640000;-0,005703510000;-0,009981750000;0,022185240000;0,079245100000;0,206292240000;1,127110139881;1,001059115373;1,007133998842;1,020356933878;1,014625880167;1,007064673955;1,007115701164;1,003685203323;1,015409656502;1,045116619577
201402;0,690000000000;0,006315820000;0,268906710000;0,073739610000;0,083090900000;-0,009450350000;-0,026428800000;0,048411080000;0,110938520000;0,137922400000;1,134887199846;1,001122340465;1,009842249744;1,021109341102;1,015468941943;1,006969502818;1,006849532570;1,004171098169;1,016536136947;1,046558069502
201403;0,920000000000;-0,056523600000;0,025118820000;0,084407550000;0,048300180000;0,258876960000;0,020265940000;0,017261500000;0,047578080000;0,472333440000;1,145328162084;1,000556470078;1,010095910201;1,021971234480;1,015959415270;1,009576314855;1,007053580092;1,004344433164;1,017019785323;1,051501313233
201404;0,670000000000;0,000877700000;0,001416330000;0,033077000000;0,112905880000;0,060295360000;0,030549060000;0,009038200000;0,124691010000;0,295693580000;1,153001860770;1,000565251962;1,010110216492;1,022309271905;1,017106493188;1,010185042529;1,007361225495;1,004435207822;1,018287917565;1,054610535110
201405;0,460000000000;0,004796770000;0,006099600000;0,085065600000;0,109928560000;-0,084497850000;0,054478200000;0,046323220000;0,087603320000;0,144859060000;1,158305669330;1,000613246776;1,010171829175;1,023178905421;1,018224583710;1,009331457887;1,007910017758;1,004900494553;1,019179971588;1,056138234017
201406;0,400000000000;-0,000869240000;0,000935480000;0,167526850000;0,067656000000;0,068868840000;0,031891160000;0,017183980000;0,079109800000;-0,027502860000;1,162938892007;1,000604549045;1,010181279131;1,024893004811;1,018913473734;1,010026572754;1,008231451954;1,005073176453;1,019986242826;1,055847765798
201407;0,010000000000;-0,034188830000;0,001863840000;0,012953760000;0,056490500000;-0,182343700000;-0,015633360000;0,038878880000;0,172858800000;-0,037310550000;1,163055185896;1,000262454057;1,010200107293;1,025025766991;1,019489063050;1,008184852930;1,008073831502;1,005463937647;1,021749378805;1,055453823189
201408;0,250000000000;0,004293100000;0,020042300000;0,009724320000;0,046546070000;0,060785670000;-0,009746700000;0,021430120000;0,137011580000;-0,037253100000;1,165962823861;1,000305396325;1,010402574629;1,025125443777;1,019963595143;1,008797684848;1,007975577570;1,005679409776;1,023149293773;1,055060633921
201409;0,570000000000;0,005572060000;0,008404200000;0,042075930000;0,037522980000;0,116148060000;0,036885840000;0,015534940000;0,113002890000;0,192918180000;1,172608811957;1,000361133941;1,010487490883;1,025556774841;1,020346315879;1,009969383788;1,008347377828;1,005835641469;1,024305482044;1,057096037694
201410;0,420000000000;-0,002133800000;0,005116100000;0,038772360000;0,044241600000;0,071941350000;0,040120200000;0,008661910000;0,099999440000;0,114011000000;1,177533768967;1,000339788236;1,010539188433;1,025954407406;1,020797733414;1,010695969397;1,008751928813;1,005922766047;1,025329781789;1,058301243457
201411;0,510000000000;0,003397760000;0,009736230000;0,051662400000;0,047628000000;0,079294150000;0,025289940000;-0,001819520000;0,101726010000;0,190934590000;1,183539191189;1,000373777381;1,010637576853;1,026484440076;1,021283918959;1,011497392175;1,009007041571;1,005904463081;1,026372808866;1,060321906597
201412;0,780000000000;0,000000000000;0,003235750000;0,075325600000;0,053251940000;0,254287080000;0,055053650000;0,000000000000;0,075325980000;0,268484760000;1,192770796880;1,000373777381;1,010670278558;1,027257645639;1,021827772458;1,014069499358;1,009562536776;1,005904463081;1,027145934243;1,063168709323
201501;1,240000000000;0,006293700000;0,014228070000;0,180625200000;0,036143680000;0,339225270000;-0,044726490000;-0,012570600000;0,356398240000;0,368999520000;1,207561154762;1,000436737905;1,010814077433;1,029113131816;1,022197098619;1,017509479355;1,009110994889;1,005778014854;1,030806664274;1,067091796758
201502;1,220000000000;-0,000829980000;0,267328320000;0,092840440000;0,067146600000;0,410115200000;-0,038164800000;0,038481840000;0,181743400000;0,202455450000;1,222293400850;1,000428434480;1,013516269724;1,030068564976;1,022883469216;1,021682440392;1,008725869696;1,006165056741;1,032680087354;1,069252182257
201503;1,320000000000;-0,047551880000;0,035668500000;0,038729880000;0,076743180000;0,086574300000;0,036853170000;0,015428000000;0,788046010000;0,291244590000;1,238427673741;0,999952711952;1,013877775775;1,030467509295;1,023668462518;1,022566954813;1,009097617155;1,006320287886;1,040818081578;1,072366321391
201504;0,710000000000;0,012395660000;0,009931740000;0,054335400000;0,145904880000;0,020523360000;0,056439110000;0,028815600000;0,143954700000;0,241142000000;1,247220510225;1,000076662690;1,013978471480;1,031027417938;1,025162044760;1,022776819910;1,009667142869;1,006610265115;1,042316388125;1,074952246986
201505;0,740000000000;0,006770930000;0,002823960000;0,078681980000;0,122322200000;-0,053786880000;0,037900520000;0,015709320000;0,189225660000;0,341447840000;1,256449942000;1,000144377181;1,014007105826;1,031838650725;1,026416045526;1,022226700169;1,010049811967;1,006768396742;1,044288718190;1,078622648214
201506;0,790000000000;0,013466720000;0,009350000000;0,173335830000;0,101557820000;0,128517200000;0,035980300000;0,031294800000;0,134036160000;0,157970610000;1,266375896542;1,000279063824;1,014101915491;1,033627196814;1,027458451286;1,023540437302;1,010413230919;1,007083462899;1,045688442687;1,080326554991
201507;0,620000000000;0,011831400000;0,000000000000;0,065415180000;0,093865800000;0,027518250000;-0,019189000000;0,037350660000;0,237092640000;0,162714500000;1,274227427101;1,000397410841;1,014101915491;1,034303345905;1,028422883381;1,023822097718;1,010219342724;1,007459615219;1,048167693022;1,082084402943
201508;0,220000000000;0,005504240000;0,037881540000;0,080408250000;0,069432560000;-0,049294170000;0,012267600000;0,016109060000;0,045637590000;-0,002504700000;1,277030727440;1,000452475115;1,014486072913;1,035135011125;1,029136943717;1,023317413113;1,010343272393;1,007621907493;1,048646051496;1,082057299975
201509;0,540000000000;0,000392930000;0,011620500000;0,035572680000;0,061843100000;0,128990670000;0,030659500000;0,008284760000;0,204735700000;0,059975520000;1,283926693368;1,000456406193;1,014603961267;1,035503236391;1,029773393906;1,024637397100;1,010653038588;1,007705386549;1,050793004330;1,082706269468
201510;0,820000000000;0,015241980000;0,004634200000;0,061305780000;0,061850250000;0,312967760000;0,041073010000;0,016948620000;0,118998000000;0,191873220000;1,294454892254;1,000608895559;1,014650980044;1,036138059727;1,030410311325;1,027844181810;1,011068144212;1,007876178706;1,052043426989;1,084783692850
201511;1,010000000000;0,040084510000;0,010120880000;0,055787160000;0,071775360000;0,198248040000;0,048358270000;0,013414010000;0,120501800000;0,455750520000;1,307528886666;1,001009984731;1,014753671652;1,036716091724;1,031149892035;1,029881862755;1,011557079275;1,008011375317;1,053311158256;1,089727600171
201512;0,960000000000;0,016736890000;0,010042560000;0,060857760000;0,078218700000;0,249811600000;0,070242000000;0,019766200000;0,077492520000;0,376557000000;1,320081163978;1,001177522671;1,014855578899;1,037347013915;1,031956444076;1,032454627114;1,012267617198;1,008210620862;1,054127395616;1,093831045731
201601;1,270000000000;0,008518620000;0,014047650000;0,126581490000;0,090276930000;0,326449950000;-0,014685600000;0,019242450000;0,127498050000;0,575353440000;1,336846194760;1,001262809180;1,014998142258;1,038660103221;1,032888062672;1,035825074728;1,012118959625;1,008404625286;1,055471387490;1,100124440280
201602;0,900000000000;0,025286580000;0,264803800000;0,081843300000;0,104284540000;0,114922580000;0,014468880000;0,042839150000;-0,023502750000;0,270118740000;1,348877810513;1,001515994301;1,017685895909;1,039510176926;1,033965205237;1,037015471628;1,012265401903;1,008836617257;1,055223322688;1,103096082556
201603;0,430000000000;-0,063076200000;0,029679930000;0,063702000000;0,086576100000;0,029577760000;0,041321340000;0,029719900000;-0,099252480000;0,316460400000;1,354677985098;1,000884276070;1,017987944370;1,040172365699;1,034860371987;1,037322197576;1,012683683531;1,009136442490;1,054175987371;1,106586944832
201604;0,610000000000;0,055030920000;0,009440200000;0,024456130000;0,259506080000;0,005530080000;0,024017600000;0,011068200000;-0,058301500000;0,280436290000;1,362941520807;1,001435071895;1,018084044468;1,040426751605;1,037545897572;1,037379562323;1,012926905848;1,009248135730;1,053561386957;1,109690216205
201605;0,780000000000;0,000377600000;0,007522560000;0,143014950000;0,183520080000;-0,106312840000;0,054517190000;0,026720820000;0,271938590000;0,201599580000;1,373572464670;1,001438853314;1,018160630452;1,041914717403;1,039450002633;1,036276694649;1,013479125134;1,009517815108;1,056426426938;1,111927347021
201606;0,350000000000;0,001498880000;0,005139640000;0,037286900000;0,094805090000;-0,095828240000;0,019193920000;0,011011000000;0,096676020000;0,183501630000;1,378379968296;1,001453863681;1,018212960243;1,042303215102;1,040435454144;1,035283648931;1,013673651506;1,009628973114;1,057447737962;1,113967751827
201607;0,520000000000;0,000747120000;0,001864280000;0,074565400000;0,070007260000;0,071689600000;-0,022786320000;0,022424300000;-0,044623750000;0,342375000000;1,385547544131;1,001461345743;1,018231942583;1,043080412663;1,041163834497;1,036025839638;1,013442672584;1,009855375344;1,056975865127;1,117781698917
201608;0,440000000000;-0,000743400000;0,045921150000;0,102456960000;0,091904800000;0,048339180000;0,008913600000;0,015231960000;0,045795300000;0,078425100000;1,391643953325;1,001453900879;1,018699526401;1,044149121145;1,042120714037;1,036526646033;1,013533006810;1,010009196111;1,057459910395;1,118658320332
201609;0,080000000000;0,006659280000;0,008394120000;0,010726300000;0,038045700000;-0,017872600000;0,025489540000;-0,009726930000;0,096030900000;-0,075716680000;1,392757268488;1,001520590498;1,018785037261;1,044261119712;1,042517196157;1,036341391772;1,013791351711;1,009910953224;1,058475398664;1,117811309392
201610;0,260000000000;0,002592590000;0,000933580000;0,001072920000;0,049698110000;0,133810500000;0,026761950000;-0,005480020000;0,064376760000;-0,013004850000;1,396378437386;1,001546555821;1,018794548435;1,044272323798;1,043035307500;1,037728125370;1,014062662046;1,009855609901;1,059156810831;1,117665939707
201611;0,180000000000;0,009981090000;0,002793780000;0,050303630000;0,065996310000;0,050200640000;0,011915400000;-0,006718240000;0,046059900000;-0,051854400000;1,398891918573;1,001646521084;1,018823011313;1,044797630684;1,043723672315;1,038249071530;1,014183491668;1,009787765378;1,059644657399;1,117086380740
201612;0,300000000000;0,000740020000;0,003255420000;0,108407340000;0,056950250000;0,199205040000;0,019068480000;-0,012972260000;-0,090696570000;0,020664960000;1,403088594329;1,001653933469;1,018856178281;1,045930268004;1,044318075556;1,040317316008;1,014376881045;1,009656773083;1,058683596041;1,117317226194
201701;0,380000000000;0,023243220000;0,013455420000;0,048639150000;0,064042550000;0,139295310000;-0,021456360000;-0,004159100000;0,025899670000;0,090206900000;1,408420330988;1,001886750096;1,018993269659;1,046438999596;1,044986883482;1,041766429239;1,014159232689;1,009614780449;1,058957791598;1,118325123427
201702;0,330000000000;0,024410760000;0,233649360000;0,033532080000;0,075820550000;0,043588080000;-0,007690800000;0,007449660000;0,036486240000;-0,115942500000;1,413068118080;1,002131318266;1,021374140912;1,046789892358;1,045779198284;1,042220515223;1,014081235731;1,009689993317;1,059344165480;1,117028509321
201703;0,250000000000;-0,023376780000;0,046108250000;0,056238000000;0,080739660000;-0,156065060000;-0,007066800000;-0,011984830000;0,179213680000;0,086914540000;1,416600788375;1,001897052233;1,021845078655;1,047378586058;1,046623556853;1,040593973151;1,014009572638;1,009568983688;1,061242655143;1,117999369511
201704;0,140000000000;0,020229000000;0,001466250000;0,009760140000;0,117517000000;-0,010767600000;0,028163520000;-0,011510240000;-0,167081740000;0,148395320000;1,418584029479;1,002099725987;1,021860061458;1,047480811674;1,047853517459;1,040481926154;1,014295153427;1,009452779875;1,059469512449;1,119658428253
201705;0,310000000000;0,003323700000;0,003905680000;0,024929010000;0,073488600000;-0,075228720000;0,057706320000;-0,009416660000;0,323993860000;-0,089947200000;1,422981639970;1,002133032776;1,021899972042;1,047741938271;1,048623570339;1,039699184919;1,014880465834;1,009357723139;1,062902128618;1,118651326848
201706;-0,230000000000;0,003316140000;0,003896800000;0,035738340000;0,054688940000;-0,092450800000;0,012447120000;-0,002850470000;-0,118699350000;-0,127659000000;1,419708782198;1,002166264910;1,021939793440;1,048116383847;1,049197051454;1,038737974705;1,015006789223;1,009328951700;1,061640470700;1,117223267750
201707;0,240000000000;-0,000739340000;-0,000977260000;0,039208680000;0,044293810000;0,060276560000;-0,025004280000;-0,009381470000;0,251434960000;-0,119672340000;1,423116083276;1,002158855494;1,021929806431;1,048527336446;1,049661780802;1,039364090224;1,014752994084;1,009234261807;1,064309805993;1,115886260523
201708;0,190000000000;-0,020649440000;0,011697600000;0,031621890000;0,049146290000;0,271503090000;0,017151180000;0,008120000000;0,088605930000;-0,270531310000;1,425820003834;1,001951915303;1,022049347692;1,048858900607;1,050177650625;1,042185995845;1,014927036196;1,009316211629;1,065252847594;1,112867438804
201709;0,160000000000;0,018298500000;0,001950640000;0,061118960000;0,038441920000;0,142053850000;0,016576560000;0,005278390000;-0,018724440000;-0,102380280000;1,428101315840;1,002135257474;1,022069284196;1,049499952259;1,050581359077;1,043666461176;1,015095276186;1,009369487275;1,065053384964;1,111728082004
201710;0,420000000000;0,014687600000;0,002922420000;0,035064640000;0,062570040000;0,088658640000;0,042082410000;-0,015830490000;0,206948000000;-0,012413600000;1,434099341366;1,002282447092;1,022099153353;1,049867955639;1,051238708254;1,044591761667;1,015522452742;1,009209699139;1,067257491643;1,111590076527
201711;0,280000000000;0,005506950000;0,001455960000;0,045974460000;0,040950960000;0,094139760000;0,005943800000;-0,018119700000;0,199386190000;-0,093901040000;1,438114819522;1,002337642285;1,022114034708;1,050350626762;1,051669200597;1,045575137844;1,015582813365;1,009026833369;1,069385455693;1,110546281885
201712;0,440000000000;-0,004033260000;0,007260900000;0,046032000000;0,048199200000;0,223173660000;0,049851480000;0,001199520000;-0,063421200000;0,132573240000;1,444442524728;1,002297215402;1,022188249386;1,050834124163;1,052176096738;1,047908586148;1,016089096428;1,009038936848;1,068707238605;1,112018569072
201801;0,290000000000;0,004011040000;0,010618300000;0,024102980000;0,050583960000;0,201125100000;-0,058403100000;0,005576060000;-0,133636150000;0,181884600000;1,448631408050;1,002337417944;1,022296788401;1,051087406501;1,052708329074;1,050016193339;1,015495668897;1,009095201464;1,067279059396;1,114041159598
201802;0,320000000000;0,001819900000;0,187630260000;0,018613130000;0,045826860000;0,136400500000;-0,022361860000;0,001193070000;0,034197240000;-0,081476340000;1,453267028556;1,002355659483;1,024214926523;1,051283046767;1,053190752246;1,051448420677;1,015268585177;1,009107240677;1,067644039378;1,113133479635
201803;0,090000000000;-0,011978010000;0,013984880000;0,005466050000;0,057918720000;-0,046275250000;0,019285860000;0,003172400000;0,029502440000;0,017170720000;1,454574968881;1,002235597222;1,024358161751;1,051340510424;1,053800746849;1,050961860292;1,015464388455;1,009139253595;1,067959020420;1,113324612669
201804;0,220000000000;-0,002530220000;0,004003120000;0,013111800000;0,110235580000;0,000000000000;0,036327660000;0,008723880000;0,026422930000;0,022074300000;1,457775033813;1,002210238456;1,024399168038;1,051478360089;1,054962410215;1,050961860292;1,015833282906;1,009227289692;1,068241206484;1,113570371283
201805;0,400000000000;0,005770080000;0,003013800000;0,012028940000;0,069520050000;0,073672400000;0,034177660000;-0,002376780000;0,128663280000;0,078288320000;1,463606133948;1,002268066789;1,024430041380;1,051604841790;1,055695820610;1,051736129118;1,016180470951;1,009203302580;1,069615640659;1,114442166819
201806;1,260000000000;0,000000000000;0,001001320000;0,035988810000;0,045205490000;0,290998080000;-0,009443200000;0,013405180000;0,386091360000;0,496172600000;1,482047571236;1,002268066789;1,024440299203;1,051983301858;1,056173053078;1,054796661060;1,016084510997;1,009338588099;1,073745334232;1,119971723494
201807;0,330000000000;0,002842240000;-0,003956480000;0,033491780000;0,008477140000;0,090527010000;-0,034914000000;0,018359140000;0,242613140000;-0,029560080000;1,486938328221;1,002296553653;1,024399767427;1,052335629791;1,056262586347;1,055751536939;1,015729755251;1,009523893984;1,076350381503;1,119640658956
201808;-0,090000000000;0,001063140000;0,012312750000;0,038882160000;0,064013400000;-0,225728060000;0,010957300000;0,021913360000;0,070148760000;-0,083392820000;1,485600083726;1,002307209468;1,024525899209;1,052744800615;1,056938735941;1,053368409476;1,015841051807;1,009745114589;1,077105427949;1,118706959037
201809;0,480000000000;-0,002483810000;0,011860800000;0,041225440000;0,034027840000;0,309122970000;-0,001156700000;0,004332350000;0,059306560000;0,024466000000;1,492730964127;1,002282314061;1,024647416177;1,053178799291;1,057298389363;1,056624613188;1,015829301574;1,009788860281;1,077744222126;1,118980661882
201810;0,450000000000;0,000705780000;0,001972200000;0,027091500000;0,032745060000;0,170277280000;0,018993480000;0,029825440000;0,022415260000;0,143823710000;1,499448253466;1,002289387970;1,024667624274;1,053464121225;1,057644602355;1,058423804840;1,016022242909;1,010090034252;1,077985801296;1,120590021384
201811;-0,210000000000;-0,002459800000;0,001964320000;0,038936160000;-0,085959700000;-0,137608920000;-0,024718550000;0,018893280000;-0,113333750000;0,095197830000;1,496299412134;1,002264733655;1,024687752025;1,053874299701;1,056735454228;1,056967319273;1,015771096943;1,010280873390;1,076764079563;1,121656798767
201812;0,150000000000;0,000351870000;0,010338300000;0,031544750000;0,038549760000;-0,099884340000;0,065384700000;0,022589670000;-0,023823000000;0,108049040000;1,498543861252;1,002268260324;1,024793687319;1,054206741714;1,057142823209;1,055911574442;1,016435255828;1,010509092506;1,076507562056;1,122868738170
201901;0,320000000000;0,001405360000;0,005910480000;0,066450350000;0,031373420000;0,003674220000;-0,066608000000;0,012734400000;0,038002560000;0,221616900000;1,503339201608;1,002282345801;1,024854257544;1,054907265784;1,057474485067;1,055950370956;1,015758228632;1,010637774775;1,076916662488;1,125357205059
201902;0,430000000000;0,000000000000;0,173506560000;0,019664460000;0,059089590000;-0,062278820000;-0,018835740000;0,007959200000;0,060124740000;0,193209900000;1,509803560175;1,002282345801;1,026632446912;1,055114707601;1,058099342405;1,055292737525;1,015566903053;1,010718213457;1,077564155832;1,127531506590
201903;0,750000000000;-0,007674700000;0,016213120000;0,017436320000;0,050678040000;0,261758880000;0,025488900000;0,010719810000;0,039534500000;0,340512130000;1,521127086876;1,002205423638;1,026798896062;1,055298680778;1,058635566413;1,058055059976;1,015825759886;1,010826560529;1,077990165433;1,131370888139
201904;0,570000000000;0,001036470000;0,004540140000;0,018417800000;0,181589580000;0,172034100000;0,010165140000;-0,009484320000;0,037764960000;0,157529610000;1,529797511271;1,002215811197;1,026845514170;1,055493043578;1,060557938291;1,059875275476;1,015929019996;1,010730690504;1,078397267987;1,133153132287
201905;0,130000000000;-0,001030920000;-0,002008240000;0,017266560000;0,071618920000;0,012858020000;0,019123640000;-0,003919700000;0,153710060000;-0,140084000000;1,531786248036;1,002205479153;1,026824892647;1,055675290918;1,061317498433;1,060011554451;1,016123302605;1,010691072893;1,080054873075;1,131565766053
201906;0,010000000000;-0,000686200000;0,007017220000;0,016192050000;0,078052480000;-0,056910730000;0,016908900000;0,000782120000;0,011073230000;-0,062105250000;1,531939426661;1,002198602019;1,026896947209;1,055846226389;1,062145883061;1,059408294137;1,016295117878;1,010698977710;1,080174470035;1,130863004305
201907;0,190000000000;0,019550430000;0,002007640000;0,047565760000;-0,024545200000;-0,031108810000;-0,029393000000;0,011341900000;0,189919200000;0,002477850000;1,534850111571;1,002394536156;1,026917563603;1,056348447671;1,061885177230;1,059078724823;1,015996398254;1,010813610177;1,082225928747;1,130891025394
201908;0,110000000000;0,003098430000;0,008017920000;0,033592220000;-0,003667110000;-0,071107920000;0,012911510000;0,021925120000;0,190242920000;-0,086581950000;1,536538446694;1,002425594649;1,026999901032;1,056703298566;1,061846236732;1,058325635971;1,016127578730;1,011035232274;1,084284786955;1,129911877892
201909;-0,040000000000;-0,000344220000;0,002005560000;0,004343080000;0,070794220000;0,000000000000;0,015176430000;-0,029893080000;0,003231920000;-0,105892660000;1,535923831315;1,002422144099;1,027020498131;1,056749192035;1,062597962493;1,058325635971;1,016281790621;1,010733002703;1,084319830172;1,128715384149
201910;0,100000000000;-0,000344340000;0,001505400000;0,021735400000;0,049129200000;0,081665100000;0,035518770000;-0,003514500000;-0,098637610000;0,012263900000;1,537459755147;1,002418692359;1,027035958897;1,056978880699;1,063120008371;1,059189918660;1,016642761413;1,010697480492;1,083250283007;1,128853808675
201911;0,510000000000;-0,000687860000;0,004011200000;0,134890920000;0,025870110000;0,054632100000;0,019840100000;-0,014032440000;0,113992630000;0,176522400000;1,545300799898;1,002411797122;1,027077155364;1,058404649235;1,063395038687;1,059768576356;1,016844464353;1,010555654975;1,084485108494;1,130846488510
201912;1,150000000000;0,022581900000;0,009985200000;0,100797040000;0,051583560000;0,279830320000;0,000000000000;-0,018548640000;-0,131911760000;0,830367980000;1,563071759097;1,002638160751;1,027179711072;1,059471489793;1,063943575705;1,062734130154;1,016844464353;1,010368210644;1,083054545100;1,140236675654
202001;0,210000000000;0,006857520000;0,009837600000;0,037565500000;-0,043306880000;0,065913280000;-0,021969600000;-0,002627030000;0,085769750000;0,075458370000;1,566354209791;1,002706916864;1,027280760903;1,059869485556;1,063482814937;1,063434613077;1,016621067692;1,010341667968;1,083983478276;1,141097079663
202002;0,250000000000;0,011990160000;0,227357600000;0,033316940000;0,098266760000;-0,047429910000;-0,033182150000;-0,002993840000;-0,061019790000;0,021319760000;1,570270095315;1,002827143027;1,029616361786;1,060222601636;1,064527865043;1,062930226997;1,016283730964;1,010311419955;1,083322033834;1,141340358822
202003;0,070000000000;0,002283080000;0,037500400000;-0,024734430000;0,028401870000;-0,184729500000;0,009451680000;-0,040281840000;0,020211100000;0,218705850000;1,571369284382;1,002850038373;1,030002472041;1,059960361619;1,064830210863;1,060966681303;1,016379786851;1,009904447925;1,083540985134;1,143836536955
202004;-0,310000000000;-0,011411000000;0,000000000000;-0,015012620000;-0,029796360000;-0,540775340000;0,004507500000;-0,050517380000;-0,015554400000;0,350102520000;1,566498039601;1,002735603155;1,030002472041;1,059801233798;1,064512930220;1,055229235125;1,016425600169;1,009394270658;1,083372446835;1,147841137496
202005;-0,380000000000;0,013705440000;0,001281960000;-0,004297080000;-0,013553300000;-0,377214600000;-0,026252540000;0,021162460000;-0,038963750000;0,047927040000;1,560545347050;1,002873032482;1,030015676260;1,059755693291;1,064368653589;1,051248756387;1,016158762632;1,009607883317;1,082950324303;1,148391263777
202006;0,260000000000;0,043095750000;0,003217300000;-0,005389250000;0,047570250000;0,060603450000;-0,020779580000;0,047893300000;0,006241920000;0,076356060000;1,564602764952;1,003305228137;1,030048814955;1,059698580407;1,064874976418;1,051885849401;1,015947609109;1,010091417849;1,083017921196;1,149268130099
202007;0,360000000000;0,029451480000;-0,007703760000;-0,011819830000;0,059861120000;0,152550060000;-0,023321480000;0,033499800000;0,124567200000;0,002011940000;1,570235334906;1,003600716375;1,029969462466;1,059573325836;1,065512422506;1,053490501896;1,015710675091;1,010429796454;1,084367006296;1,149291252685
202008;0,240000000000;0,038751460000;-0,221743410000;-0,001069630000;0,068076000000;0,161046360000;-0,034670220000;0,020955200000;0,056304720000;0,156369720000;1,574003899710;1,003989626305;1,027685573058;1,059561992322;1,066237780743;1,055187110002;1,015358525965;1,010641534038;1,084977556102;1,151088396198
202009;0,640000000000;0,008713350000;-0,005537790000;0,009600930000;-0,087361280000;0,138263300000;0,016277780000;0,037537000000;0,057940890000;0,459540840000;1,584077524668;1,004077107436;1,027628661989;1,059663720127;1,065306301769;1,056646046521;1,015523803792;1,011020898551;1,085606201755;1,156378117483
202010;0,860000000000;0,012141150000;-0,002444120000;0,020162610000;0,037738400000;0,235176130000;0,048693480000;0,057632040000;0,056231280000;0,395308390000;1,597700591380;1,004199013943;1,027603545511;1,059877375991;1,065708331323;1,059131025801;1,016018297672;1,011603570520;1,086216652018;1,160949377202
202011;0,890000000000;0,016659920000;-0,001211160000;0,001054150000;-0,017420910000;0,263700430000;0,003078180000;0,032608620000;0,068387440000;0,525741900000;1,611920126644;1,004366312696;1,027591099588;1,059888548688;1,065522675234;1,061923958871;1,016049572544;1,011933440484;1,086959487779;1,167052974516
202012;1,350000000000;0,022272120000;0,028803360000;0,067917200000;0,053062800000;0,270810000000;0,025736390000;0,066709280000;0,445596480000;0,366043800000;1,633681048353;1,004590006366;1,027887080352;1,060608395313;1,066088071400;1,064799755144;1,016311067025;1,012608493996;1,091802940995;1,171324899572
202101;0,250000000000;0,001131280000;0,007736820000;0,040476930000;0,042054080000;0,081652730000;-0,003029950000;0,032725580000;-0,168059550000;0,215382180000;1,637765250974;1,004601371092;1,027966606125;1,061037697031;1,066536404930;1,065669193213;1,016280273308;1,012939875999;1,089968061886;1,173847724675
202102;0,860000000000;-0,007336810000;0,147416160000;0,017668950000;0,081538680000;0,454796160000;0,016395100000;0,025265460000;0,061998000000;0,057450330000;1,651850032133;1,004527665398;1,029481995022;1,061225171251;1,067406044636;1,070515815782;1,016446893475;1,013195799918;1,090643820285;1,174522104067
202103;0,930000000000;-0,003912790000;-0,031407480000;0,004129240000;-0,002624160000;0,770698230000;0,012450570000;0,026360070000;0,124991100000;0,027499810000;1,667212237431;1,004488360340;1,029158660670;1,061268991786;1,067378034194;1,078766262226;1,016573446907;1,013462879040;1,092007027993;1,174845095414
202104;0,310000000000;0,004427600000;0,002381520000;0,001023210000;0,154685720000;-0,016641440000;0,020050200000;0,021722130000;0,033912560000;0,083949200000;1,672380595367;1,004532835067;1,029183170290;1,061279850796;1,069029115591;1,078586739986;1,016777271916;1,013683024764;1,092377355532;1,175831368473
202105;0,830000000000;0,011596410000;0,003563340000;0,021428400000;0,099666400000;0,238306450000;0,039305160000;0,047758750000;0,274137800000;0,092420680000;1,686261354309;1,004649324813;1,029219843585;1,061507266088;1,070094578426;1,081157081756;1,017176917850;1,014167147106;1,095371974782;1,176918079819
202106;0,530000000000;-0,006585720000;0,002947050000;0,029410930000;0,066837030000;0,085236950000;0,051742020000;0,041814580000;0,171004900000;0,089968900000;1,695198539487;1,004583161421;1,029250175209;1,061819465246;1,070809797860;1,082078627077;1,017703225734;1,014591216839;1,097245114532;1,177976940069
202107;0,960000000000;0,006543720000;0,010558620000;0,045528300000;-0,085170150000;0,315605200000;0,022814910000;0,030083820000;0,484685000000;0,125403000000;1,711472445466;1,004648898531;1,029358849824;1,062302893598;1,069897787549;1,085493723492;1,017935413809;1,014896444634;1,102563297015;1,179454158491
202108;0,870000000000;0,012439550000;0,016297680000;0,064429440000;-0,005158640000;0,304795440000;0,043719240000;0,038112030000;0,108581720000;0,289495300000;1,726362255741;1,004773872333;1,029526611435;1,062987329404;1,069842595374;1,088802258863;1,018380447436;1,015283242272;1,103760479207;1,182868622846
202109;1,160000000000;0,003762080000;-0,000578510000;0,056238000000;0,049848240000;0,382098080000;0,013307990000;0,034692300000;0,408000000000;0,213555360000;1,746388057908;1,004811672729;1,029520655521;1,063585132218;1,070375893078;1,092962551389;1,018515973404;1,015635467380;1,108263821962;1,185394702192
202110;1,250000000000;0,028706940000;0,003431760000;0,074878500000;0,049468770000;0,553590280000;0,076615200000;0,048825150000;0,168047360000;0,244617750000;1,768217908632;1,005100123413;1,029555986199;1,064381528811;1,070905394867;1,099013085838;1,019296311454;1,016131352921;1,110126230057;1,188294388041
202111;0,950000000000;0,004751190000;0,001130280000;0,056623230000;-0,071690610000;0,717348900000;0,040663800000;0,039606590000;0,166088530000;-0,008357600000;1,785015978764;1,005147877630;1,029567623064;1,064984216012;1,070137656257;1,106896844120;1,019710796067;1,016533807899;1,111970022394;1,188195075149
202112;0,730000000000;0,017797300000;0,002799450000;0,055418160000;0,092910750000;0,127141800000;0,088186540000;0,052724450000;0,119440440000;0,173807760000;1,798046595409;1,005326766813;1,029596445295;1,065574410669;1,071131929179;1,108304172692;1,020610043736;1,017069769759;1,113298164281;1,190260250394
202201;0,540000000000;0,054750150000;0,013904250000;0,077060100000;0,044601480000;-0,024079220000;0,046405900000;0,070484960000;0,025827680000;0,229910970000;1,807756047024;1,005877184726;1,029739602959;1,066395543375;1,071609669873;1,108037301692;1,021083667013;1,017786650979;1,113585703368;1,192996789281
202202;1,010000000000;0,015200640000;0,311074500000;0,063383040000;0,058122080000;0,100053220000;0,038370640000;0,069034240000;0,086833620000;0,266618880000;1,826014383099;1,006030084496;1,032942860280;1,067071457289;1,072232511702;1,109145928691;1,021475463351;1,018489272258;1,114552670146;1,196177543959
202203;1,620000000000;-0,002602000000;0,008695650000;0,058219430000;0,108253200000;0,653274320000;0,079262820000;0,022527540000;0,184054050000;0,505446040000;1,855595816105;1,006003907593;1,033032681376;1,067692700209;1,073393237708;1,116391694214;1,022285113609;1,018718712837;1,116604049475;1,202223575986
202204;1,060000000000;0,004095280000;0,003428520000;0,046889760000;0,216200190000;0,418773230000;0,054976320000;0,059844420000;-0,181621380000;0,433660900000;1,875265131756;1,006045106270;1,033068099108;1,068193338754;1,075713915927;1,121066843771;1,022847128344;1,019328359142;1,114576057791;1,207437149566
202205;0,470000000000;0,036493920000;0,002263240000;0,050507080000;0,124236060000;0,296306160000;0,092255530000;0,025939980000;-0,264936500000;0,102049920000;1,884078877875;1,006412251566;1,033091479918;1,068732852018;1,077050340513;1,124388633887;1,023790761383;1,019592772714;1,111623138994;1,208669338211
202206;0,670000000000;0,008131200000;0,005070780000;0,047624080000;0,153349560000;0,127150470000;0,074208120000;0,021656800000;0,062518440000;0,170088000000;1,896702206357;1,006494084959;1,033143865714;1,069241826207;1,078701992471;1,125818299320;1,024550497260;1,019813583882;1,112318108439;1,210725139715
202207;-0,680000000000;0,003539760000;0,003360840000;0,109628080000;0,060935420000;-1,005048990000;0,026026340000;0,004719000000;-0,159714450000;0,276754400000;1,883804631354;1,006529712434;1,033178588027;1,070414015491;1,079359304061;1,114503273873;1,024817150256;1,019861708885;1,110541575690;1,214075874811
202208;-0,360000000000;-0,056031800000;0,034407050000;0,053329860000;0,164820270000;-0,722315690000;0,076834160000;0,016652580000;0,015147600000;0,052116960000;1,877022934681;1,005965735719;1,033534074300;1,070984865787;1,081138306980;1,106453041861;1,025604559905;1,020031542172;1,110709796086;1,214708614249
202209;-0,290000000000;-0,105160640000;0,006833520000;0,094668450000;0,072926370000;-0,411598440000;0,082161630000;-0,005196490000;0,091270200000;-0,111443160000;1,871579568170;1,004907855713;1,033604701058;1,071998750559;1,081926741902;1,101898898401;1,026447213329;1,019978536335;1,111723543138;1,213354904585
202210;0,590000000000;-0,023831040000;0,010292400000;0,057507300000;0,149687560000;0,118514300000;0,057799940000;0,015615210000;0,052177420000;0,156979440000;1,882621887622;1,004668375720;1,033711083788;1,072615228097;1,083546251643;1,103204806167;1,027040499202;1,020137808125;1,112303611800;1,215259622319
202211;0,410000000000;-0,006876520000;0,001138740000;0,021181020000;0,002595060000;0,169598050000;0,052439200000;-0,027170080000;0,078066720000;0,115696350000;1,890340637362;1,004599289498;1,033722855070;1,072842418943;1,083574370318;1,105075820006;1,027579071023;1,019860635866;1,113171950747;1,216665633345
202212;0,620000000000;0,024425500000;0,010774900000;0,062401760000;0,206812800000;0,043087800000;0,072966080000;0,025296640000;0,030647600000;0,144266760000;1,902060749313;1,004844667897;1,033834237673;1,073511891494;1,085815340814;1,105551972865;1,028328855190;1,020118626340;1,113513111233;1,218420877434
202301;0,530000000000;0,101981550000;0,020329560000;0,076494000000;0,020883520000;0,112392500000;-0,013074480000;0,027671700000;0,050361960000;0,129000550000;1,912141671285;1,005869424065;1,034044411625;1,074333063681;1,086042097277;1,106794530366;1,028194406540;1,020400910506;1,114073898261;1,219992647068
202302;0,840000000000;0,048563900000;0,353991040000;0,044383680000;0,163835280000;0,075639100000;-0,011530800000;0,004355890000;0,124890920000;0,035007520000;1,928203661324;1,006357913486;1,037704836192;1,074809892230;1,087821417388;1,107631699788;1,028075847499;1,020445358047;1,115465275402;1,220419736237
202303;0,710000000000;0,024815000000;0,005940700000;0,038179360000;0,107070680000;0,429313260000;0,014734300000;-0,010614510000;0,086800170000;0,010866300000;1,941893907319;1,006607641202;1,037766483123;1,075220247768;1,088986155177;1,112386909547;1,028227327279;1,020337042773;1,116433501157;1,220552350707
202304;0,610000000000;0,003962320000;0,005314950000;0,018025740000;0,194796640000;0,115506160000;0,037398600000;0,006618270000;0,072999360000;0,153304620000;1,953739460154;1,006647526218;1,037821639893;1,075414064174;1,091107463618;1,113671784950;1,028611869904;1,020404571433;1,117248490468;1,222423513850
202305;0,230000000000;0,010345230000;0,002937450000;0,063813760000;0,122659560000;-0,117508920000;0,022293510000;-0,008915950000;0,101756250000;0,034585120000;1,958233060912;1,006751666220;1,037852125385;1,076100326324;1,092445811232;1,112363121264;1,028841183594;1,020313592672;1,118385360635;1,222846290490
202306;-0,080000000000;-0,006895560000;0,003518280000;0,036040320000;0,014609320000;-0,083849100000;0,016640750000;-0,016206540000;0,105255360000;-0,142557360000;1,956666474463;1,006682245055;1,037888639928;1,076488156325;1,092605410136;1,111430414798;1,029012390484;1,020148235141;1,119562521173;1,221103033101
202307;0,120000000000;0,000000000000;0,007632950000;0,038206720000;0,034593520000;0,305745000000;-0,011459040000;0,001538120000;-0,155249120000;-0,098775340000;1,959014474233;1,006682245055;1,037967861449;1,076899447141;1,092983380807;1,114828557719;1,028894475542;1,020163926245;1,117824410211;1,219896884428
202308;0,230000000000;-0,004424400000;0,040521630000;0,038308560000;0,077279200000;0,070251140000;0,025685640000;-0,001536720000;0,168708900000;-0,181445250000;1,963520207523;1,006637705406;1,038388462946;1,077311991812;1,093828029620;1,115611737490;1,029158753673;1,020148249182;1,119710279477;1,217683439477
202309;0,260000000000;-0,005390770000;0,002949550000;0,045435600000;0,005348160000;0,289588600000;0,018129420000;-0,022221540000;0,072060400000;-0,149909400000;1,968625360063;1,006583439882;1,038419090732;1,077801474979;1,093886529293;1,118842421902;1,029345334186;1,019921556531;1,120517147183;1,215858017539
202310;0,240000000000;-0,009276750000;0,002943400000;0,027311310000;0,042694720000;0,073227350000;0,021495150000;0,017477700000;0,003072700000;0,064825340000;1,973350060927;1,006490061653;1,038449655560;1,078095836681;1,094353561084;1,119661720559;1,029566593510;1,020099815361;1,120551577314;1,216646201632
202311;0,280000000000;-0,024306000000;0,001175000000;0,058678600000;0,010681280000;0,056545020000;-0,016754850000;-0,015992760000;0,073581120000;0,131848290000;1,978875441098;1,006245424179;1,038461857343;1,078728448225;1,094470452052;1,120294833502;1,029394091171;1,019936673245;1,121376091715;1,218250328845
202312;0,560000000000;0,001929120000;0,014062080000;0,048705120000;0,046639950000;0,100522080000;0,033312300000;0,028743200000;0,052216520000;0,233151060000;1,989957143568;1,006264835860;1,038607886681;1,079253844210;1,094980912523;1,121420977171;1,029737006019;1,020229835683;1,121961635286;1,221090692400
202401;0,420000000000;-0,003838240000;0,019274970000;0,083135700000;0,110365100000;-0,136024200000;0,006671980000;0,008337120000;0,038310250000;0,291451860000;1,998314963571;1,006226213001;1,038808078039;1,080151089448;1,096189389303;1,119895573258;1,029805709866;1,020314893469;1,122391461593;1,224649583935
